C0 (2554 genes)	C1 (1326 genes)	C2 (1037 genes)	C3 (1804 genes)	C4 (1000 genes)	C5 (1621 genes)
Genes	Genes	Genes	Genes	Genes	Genes
AT1G01210	AT1G01100	AT1G01200	AT1G01030	AT1G01070	AT1G01260
AT1G01570	AT1G01290	AT1G01370	AT1G01050	AT1G01250	AT1G01350
AT1G01630	AT1G01920	AT1G01420	AT1G01170	AT1G01355	AT1G01470
AT1G01740	AT1G02050	AT1G01510	AT1G01240	AT1G01440	AT1G01560
AT1G01910	AT1G02060	AT1G01690	AT1G01360	AT1G01453	AT1G01650
AT1G02030	AT1G02140	AT1G01880	AT1G01620	AT1G01770	AT1G01710
AT1G02370	AT1G02290	AT1G02130	AT1G01640	AT1G01930	AT1G02000
AT1G02420	AT1G02470	AT1G02145	AT1G01780	AT1G02190	AT1G02170
AT1G02430	AT1G02780	AT1G02530	AT1G01830	AT1G02250	AT1G02270
AT1G02500	AT1G02800	AT1G02690	AT1G02010	AT1G02570	AT1G02390
AT1G02580	AT1G03310	AT1G02730	AT1G02100	AT1G02620	AT1G02400
AT1G02850	AT1G03330	AT1G02970	AT1G02305	AT1G02950	AT1G02880
AT1G02870	AT1G03630	AT1G03780	AT1G02340	AT1G03200	AT1G03070
AT1G02930	AT1G03820	AT1G04020	AT1G02640	AT1G03610	AT1G03160
AT1G03040	AT1G04190	AT1G04030	AT1G02840	AT1G03880	AT1G03370
AT1G03100	AT1G04590	AT1G04410	AT1G02860	AT1G04180	AT1G03590
AT1G03110	AT1G04680	AT1G04650	AT1G02910	AT1G04470	AT1G03730
AT1G03150	AT1G04710	AT1G04820	AT1G02960	AT1G04610	AT1G03740
AT1G03340	AT1G04730	AT1G05320	AT1G03090	AT1G04830	AT1G03770
AT1G03360	AT1G04840	AT1G05440	AT1G03445	AT1G04880	AT1G04100
AT1G03530	AT1G04850	AT1G05590	AT1G03550	AT1G04970	AT1G04490
AT1G03540	AT1G04900	AT1G05720	AT1G03870	AT1G04985	AT1G04960
AT1G03687	AT1G05000	AT1G05870	AT1G03900	AT1G04990	AT1G05020
AT1G03760	AT1G05080	AT1G05950	AT1G03920	AT1G05090	AT1G05100
AT1G03800	AT1G05205	AT1G06680	AT1G04240	AT1G05120	AT1G05170
AT1G03830	AT1G05430	AT1G07270	AT1G04250	AT1G05510	AT1G05200
AT1G03860	AT1G05460	AT1G07320	AT1G04330	AT1G05610	AT1G05340
AT1G03910	AT1G05700	AT1G07740	AT1G04440	AT1G05783	AT1G05400
AT1G03980	AT1G06160	AT1G07770	AT1G04560	AT1G05785	AT1G05575
AT1G04170	AT1G06240	AT1G07820	AT1G04778	AT1G05800	AT1G05675
AT1G04270	AT1G06560	AT1G08430	AT1G05230	AT1G05990	AT1G05960
AT1G04340	AT1G06820	AT1G08480	AT1G05570	AT1G06050	AT1G06080
AT1G04360	AT1G06960	AT1G08540	AT1G05660	AT1G06135	AT1G06620
AT1G04480	AT1G07210	AT1G08660	AT1G05790	AT1G06400	AT1G06740
AT1G04510	AT1G07340	AT1G08670	AT1G05830	AT1G06430	AT1G06750
AT1G04635	AT1G07560	AT1G09200	AT1G05840	AT1G06460	AT1G06800
AT1G04640	AT1G07920	AT1G09240	AT1G05850	AT1G06490	AT1G07000
AT1G04690	AT1G07940	AT1G09390	AT1G05890	AT1G06570	AT1G07130
AT1G04770	AT1G08070	AT1G09450	AT1G06060	AT1G06650	AT1G07135
AT1G04860	AT1G08120	AT1G09840	AT1G06110	AT1G07120	AT1G07150
AT1G04870	AT1G08360	AT1G09850	AT1G06170	AT1G07470	AT1G07330
AT1G04945	AT1G08750	AT1G10020	AT1G06640	AT1G07480	AT1G07400
AT1G04980	AT1G08830	AT1G10200	AT1G06700	AT1G08160	AT1G07410
AT1G05065	AT1G08840	AT1G10780	AT1G06810	AT1G08340	AT1G07430
AT1G05180	AT1G08880	AT1G10840	AT1G07040	AT1G08630	AT1G07500
AT1G05220	AT1G09150	AT1G10950	AT1G07080	AT1G08645	AT1G07510
AT1G05650	AT1G09560	AT1G10970	AT1G07110	AT1G09155	AT1G08050
AT1G05670	AT1G09690	AT1G11130	AT1G07170	AT1G09230	AT1G08800
AT1G05730	AT1G09760	AT1G11420	AT1G07300	AT1G09440	AT1G08920
AT1G05910	AT1G09780	AT1G11680	AT1G07645	AT1G09750	AT1G08930
AT1G06143	AT1G09800	AT1G11700	AT1G07650	AT1G10060	AT1G09070
AT1G06150	AT1G10980	AT1G11860	AT1G07730	AT1G10070	AT1G09140
AT1G06180	AT1G11440	AT1G13330	AT1G07850	AT1G10095	AT1G09575
AT1G06190	AT1G11475	AT1G13610	AT1G08040	AT1G10225	AT1G09795
AT1G06220	AT1G11750	AT1G14450	AT1G08165	AT1G10600	AT1G09880
AT1G06380	AT1G12050	AT1G15080	AT1G08210	AT1G11000	AT1G09932
AT1G06470	AT1G12244	AT1G15500	AT1G08310	AT1G11110	AT1G09940
AT1G06530	AT1G12270	AT1G15660	AT1G08460	AT1G11112	AT1G09950
AT1G06550	AT1G12800	AT1G15760	AT1G08500	AT1G11180	AT1G09970
AT1G06670	AT1G13040	AT1G15910	AT1G08510	AT1G11410	AT1G09995
AT1G06710	AT1G13060	AT1G15970	AT1G08570	AT1G11500	AT1G10040
AT1G06720	AT1G13270	AT1G16080	AT1G08650	AT1G11915	AT1G10050
AT1G06730	AT1G13320	AT1G16445	AT1G08680	AT1G12280	AT1G10340
AT1G06790	AT1G13440	AT1G16560	AT1G08860	AT1G12290	AT1G10530
AT1G06950	AT1G13510	AT1G16780	AT1G08980	AT1G12350	AT1G10650
AT1G07070	AT1G13860	AT1G17470	AT1G09010	AT1G12540	AT1G11050
AT1G07140	AT1G13950	AT1G17540	AT1G09195	AT1G12600	AT1G11210
AT1G07390	AT1G14350	AT1G18060	AT1G09280	AT1G12680	AT1G11310
AT1G07420	AT1G14620	AT1G18197	AT1G09310	AT1G12805	AT1G11390
AT1G07590	AT1G15000	AT1G18335	AT1G09540	AT1G13430	AT1G11570
AT1G07615	AT1G15085	AT1G18370	AT1G09730	AT1G13710	AT1G11670
AT1G07705	AT1G15120	AT1G18450	AT1G09740	AT1G14390	AT1G11960
AT1G07780	AT1G15200	AT1G18490	AT1G09910	AT1G14730	AT1G12610
AT1G07830	AT1G15215	AT1G19920	AT1G10150	AT1G15130	AT1G12950
AT1G07840	AT1G15270	AT1G20050	AT1G10540	AT1G15160	AT1G13195
AT1G07885	AT1G15290	AT1G20090	AT1G10660	AT1G15460	AT1G13210
AT1G07910	AT1G15320	AT1G20180	AT1G10740	AT1G15540	AT1G13390
AT1G07930	AT1G15810	AT1G20570	AT1G10750	AT1G15580	AT1G13880
AT1G07960	AT1G15820	AT1G20610	AT1G10850	AT1G15610	AT1G13960
AT1G08125	AT1G15930	AT1G20696	AT1G10890	AT1G16022	AT1G13990
AT1G08130	AT1G15940	AT1G20720	AT1G11090	AT1G16320	AT1G14260
AT1G08220	AT1G16000	AT1G21065	AT1G11303	AT1G16705	AT1G14330
AT1G08400	AT1G16020	AT1G21740	AT1G11450	AT1G16730	AT1G14530
AT1G08410	AT1G16060	AT1G22060	AT1G11480	AT1G18170	AT1G14560
AT1G08580	AT1G16690	AT1G22170	AT1G11530	AT1G18180	AT1G14590
AT1G08610	AT1G16700	AT1G23190	AT1G11545	AT1G18310	AT1G14640
AT1G08640	AT1G16740	AT1G24050	AT1G11730	AT1G19300	AT1G15010
AT1G08960	AT1G17350	AT1G24120	AT1G11740	AT1G19320	AT1G15030
AT1G09130	AT1G17560	AT1G24240	AT1G11785	AT1G19396	AT1G15110
AT1G09190	AT1G17880	AT1G25440	AT1G11810	AT1G19397	AT1G15330
AT1G09210	AT1G18080	AT1G25490	AT1G12060	AT1G19400	AT1G15430
AT1G09290	AT1G18530	AT1G26330	AT1G12070	AT1G19660	AT1G15520
AT1G09300	AT1G19240	AT1G26540	AT1G12080	AT1G20440	AT1G15530
AT1G09420	AT1G19290	AT1G26940	AT1G12090	AT1G20460	AT1G15800
AT1G09590	AT1G20065	AT1G27310	AT1G12330	AT1G20810	AT1G16030
AT1G09680	AT1G20430	AT1G27340	AT1G12360	AT1G21400	AT1G16370
AT1G09700	AT1G20480	AT1G28100	AT1G12580	AT1G21460	AT1G16670
AT1G09810	AT1G20580	AT1G28650	AT1G12780	AT1G22275	AT1G16850
AT1G09830	AT1G20950	AT1G29070	AT1G12790	AT1G22590	AT1G17110
AT1G09900	AT1G21560	AT1G29179	AT1G13080	AT1G22930	AT1G17340
AT1G10240	AT1G21690	AT1G29700	AT1G13230	AT1G23110	AT1G17380
AT1G10270	AT1G21720	AT1G29790	AT1G13245	AT1G23130	AT1G17420
AT1G10310	AT1G22290	AT1G30440	AT1G13250	AT1G23530	AT1G17750
AT1G10410	AT1G22300	AT1G31150	AT1G13450	AT1G23580	AT1G17990
AT1G10470	AT1G22520	AT1G31160	AT1G13570	AT1G23965	AT1G18210
AT1G10490	AT1G23100	AT1G31850	AT1G13640	AT1G24070	AT1G18300
AT1G10510	AT1G23820	AT1G32210	AT1G13930	AT1G24470	AT1G18740
AT1G10520	AT1G24180	AT1G32740	AT1G14190	AT1G24520	AT1G18750
AT1G11170	AT1G24265	AT1G33102	AT1G14400	AT1G26450	AT1G18890
AT1G11240	AT1G24360	AT1G33470	AT1G14688	AT1G26780	AT1G18975
AT1G11430	AT1G24510	AT1G33680	AT1G15020	AT1G26800	AT1G19010
AT1G11780	AT1G24625	AT1G33810	AT1G15040	AT1G26815	AT1G19020
AT1G11800	AT1G24800	AT1G34040	AT1G15060	AT1G27045	AT1G19180
AT1G11820	AT1G26170	AT1G35620	AT1G15240	AT1G27170	AT1G19210
AT1G12000	AT1G26630	AT1G38131	AT1G15350	AT1G27290	AT1G19250
AT1G12200	AT1G26740	AT1G43580	AT1G15740	AT1G27380	AT1G19310
AT1G12470	AT1G26762	AT1G43605	AT1G15880	AT1G27565	AT1G19380
AT1G12650	AT1G26840	AT1G44000	AT1G15960	AT1G27660	AT1G19550
AT1G12730	AT1G27435	AT1G44110	AT1G15980	AT1G27920	AT1G19670
AT1G12770	AT1G27450	AT1G44170	AT1G16240	AT1G28230	AT1G20310
AT1G12830	AT1G27630	AT1G44740	AT1G16250	AT1G28430	AT1G20510
AT1G12980	AT1G28060	AT1G46480	AT1G16460	AT1G28450	AT1G20680
AT1G13030	AT1G28340	AT1G47670	AT1G16500	AT1G28540	AT1G20740
AT1G13120	AT1G28400	AT1G48280	AT1G16720	AT1G28765	AT1G20816
AT1G13160	AT1G28570	AT1G48480	AT1G16880	AT1G28960	AT1G20823
AT1G13480	AT1G28590	AT1G49010	AT1G17120	AT1G29260	AT1G20925
AT1G13520	AT1G29000	AT1G49340	AT1G17200	AT1G29380	AT1G21010
AT1G13590	AT1G29041	AT1G49580	AT1G17700	AT1G29420	AT1G21070
AT1G13630	AT1G29280	AT1G50010	AT1G17810	AT1G29465	AT1G21080
AT1G13690	AT1G29590	AT1G50500	AT1G17910	AT1G29490	AT1G21140
AT1G13730	AT1G29810	AT1G51070	AT1G17960	AT1G29520	AT1G21210
AT1G13750	AT1G29850	AT1G51080	AT1G18160	AT1G29680	AT1G21450
AT1G13800	AT1G29860	AT1G51405	AT1G18270	AT1G29760	AT1G21528
AT1G13810	AT1G29910	AT1G51570	AT1G18330	AT1G29800	AT1G21790
AT1G14010	AT1G30010	AT1G51630	AT1G18470	AT1G30260	AT1G21830
AT1G14060	AT1G30120	AT1G51730	AT1G18660	AT1G31040	AT1G21980
AT1G14320	AT1G30510	AT1G51940	AT1G18990	AT1G31200	AT1G22280
AT1G14410	AT1G30580	AT1G52230	AT1G19000	AT1G31580	AT1G22330
AT1G14453	AT1G30630	AT1G52700	AT1G19110	AT1G31720	AT1G22470
AT1G14600	AT1G31230	AT1G53000	AT1G19330	AT1G31814	AT1G22510
AT1G14840	AT1G31340	AT1G53140	AT1G19350	AT1G32400	AT1G22570
AT1G14850	AT1G31490	AT1G53710	AT1G19480	AT1G32560	AT1G22610
AT1G14900	AT1G31650	AT1G53887	AT1G19530	AT1G33250	AT1G22810
AT1G14980	AT1G31690	AT1G54080	AT1G19600	AT1G33280	AT1G22830
AT1G14990	AT1G31760	AT1G54200	AT1G19620	AT1G34300	AT1G22985
AT1G15250	AT1G31772	AT1G54385	AT1G19680	AT1G34410	AT1G23440
AT1G15370	AT1G31780	AT1G54440	AT1G19835	AT1G34540	AT1G23710
AT1G15385	AT1G31840	AT1G54450	AT1G19910	AT1G34575	AT1G23830
AT1G15440	AT1G32070	AT1G54510	AT1G19940	AT1G35460	AT1G23850
AT1G15480	AT1G32415	AT1G55130	AT1G20010	AT1G35610	AT1G24140
AT1G15510	AT1G32500	AT1G55325	AT1G20080	AT1G36085	AT1G24145
AT1G15772	AT1G32763	AT1G55540	AT1G20160	AT1G36922	AT1G24330
AT1G15870	AT1G33040	AT1G55805	AT1G20190	AT1G45545	AT1G25275
AT1G16150	AT1G33100	AT1G56120	AT1G20360	AT1G45976	AT1G25370
AT1G16280	AT1G33140	AT1G57590	AT1G20400	AT1G47280	AT1G25390
AT1G16350	AT1G33265	AT1G58060	AT1G20620	AT1G47410	AT1G25400
AT1G16610	AT1G33410	AT1G58220	AT1G20650	AT1G47540	AT1G25500
AT1G16650	AT1G33640	AT1G58350	AT1G20710	AT1G47600	AT1G25560
AT1G16770	AT1G34000	AT1G58460	AT1G20730	AT1G47780	AT1G25682
AT1G16800	AT1G34010	AT1G59540	AT1G20735	AT1G48130	AT1G26090
AT1G16830	AT1G34060	AT1G59980	AT1G20760	AT1G48430	AT1G26390
AT1G16870	AT1G34670	AT1G60060	AT1G20790	AT1G48590	AT1G26730
AT1G16900	AT1G35530	AT1G60390	AT1G20800	AT1G48770	AT1G27110
AT1G16970	AT1G35680	AT1G60460	AT1G20860	AT1G49220	AT1G27130
AT1G17020	AT1G36180	AT1G60690	AT1G20875	AT1G49330	AT1G27210
AT1G17130	AT1G36320	AT1G60920	AT1G20920	AT1G50440	AT1G27500
AT1G17235	AT1G42480	AT1G60960	AT1G20923	AT1G51190	AT1G27700
AT1G17300	AT1G43170	AT1G61050	AT1G20940	AT1G51220	AT1G27720
AT1G17690	AT1G43980	AT1G61270	AT1G21060	AT1G51260	AT1G27730
AT1G17860	AT1G44020	AT1G61565	AT1G21230	AT1G51360	AT1G27760
AT1G17920	AT1G44318	AT1G61590	AT1G21240	AT1G51470	AT1G27770
AT1G18070	AT1G44780	AT1G61795	AT1G21245	AT1G52040	AT1G27910
AT1G18320	AT1G44900	AT1G62520	AT1G21323	AT1G52060	AT1G28190
AT1G18540	AT1G44910	AT1G62640	AT1G21360	AT1G52070	AT1G28200
AT1G18670	AT1G45000	AT1G62690	AT1G21738	AT1G52140	AT1G28240
AT1G18800	AT1G45332	AT1G62770	AT1G21890	AT1G52240	AT1G28370
AT1G18850	AT1G46264	AT1G62870	AT1G21925	AT1G52315	AT1G28380
AT1G19080	AT1G47260	AT1G63420	AT1G21928	AT1G52827	AT1G28480
AT1G19190	AT1G47420	AT1G63470	AT1G21950	AT1G52857	AT1G29160
AT1G19360	AT1G47570	AT1G63610	AT1G21960	AT1G52870	AT1G29195
AT1G19520	AT1G47640	AT1G63670	AT1G21970	AT1G52910	AT1G29220
AT1G19610	AT1G47980	AT1G63700	AT1G21990	AT1G53163	AT1G29230
AT1G19750	AT1G48830	AT1G63990	AT1G22010	AT1G53170	AT1G29290
AT1G19860	AT1G49150	AT1G64390	AT1G22015	AT1G53400	AT1G29330
AT1G19990	AT1G49510	AT1G64405	AT1G22090	AT1G53560	AT1G29340
AT1G20200	AT1G49600	AT1G64650	AT1G22120	AT1G53640	AT1G29690
AT1G20220	AT1G49670	AT1G65010	AT1G22130	AT1G53660	AT1G30135
AT1G20230	AT1G49860	AT1G65370	AT1G22160	AT1G54100	AT1G30190
AT1G20370	AT1G50120	AT1G65470	AT1G22230	AT1G54160	AT1G30300
AT1G20380	AT1G50140	AT1G65590	AT1G22250	AT1G54210	AT1G30320
AT1G20410	AT1G50200	AT1G65710	AT1G22370	AT1G54530	AT1G30370
AT1G20910	AT1G50280	AT1G66140	AT1G22380	AT1G55152	AT1G30420
AT1G21190	AT1G50420	AT1G66410	AT1G22420	AT1G56555	AT1G30620
AT1G21280	AT1G50770	AT1G67035	AT1G22620	AT1G56600	AT1G30640
AT1G21750	AT1G51650	AT1G67040	AT1G22720	AT1G57560	AT1G31130
AT1G21900	AT1G52100	AT1G67140	AT1G22740	AT1G58215	AT1G31290
AT1G22270	AT1G52300	AT1G67730	AT1G22860	AT1G59171	AT1G32127
AT1G22410	AT1G52450	AT1G68220	AT1G23340	AT1G59520	AT1G32520
AT1G22440	AT1G52640	AT1G68520	AT1G23960	AT1G59650	AT1G32530
AT1G22660	AT1G52920	AT1G68560	AT1G24130	AT1G59810	AT1G32860
AT1G22750	AT1G53023	AT1G68570	AT1G24160	AT1G60190	AT1G32920
AT1G22780	AT1G53240	AT1G68680	AT1G24340	AT1G60530	AT1G32928
AT1G22840	AT1G53250	AT1G70210	AT1G24735	AT1G60986	AT1G32960
AT1G22950	AT1G53260	AT1G70220	AT1G24764	AT1G61110	AT1G32970
AT1G22970	AT1G53930	AT1G70250	AT1G24793	AT1G61690	AT1G33600
AT1G23180	AT1G53935	AT1G70320	AT1G25420	AT1G61810	AT1G33610
AT1G23201	AT1G53940	AT1G70340	AT1G25450	AT1G61900	AT1G34260
AT1G23230	AT1G53945	AT1G71730	AT1G26140	AT1G62045	AT1G34370
AT1G23280	AT1G54010	AT1G72300	AT1G26360	AT1G62280	AT1G35210
AT1G23290	AT1G54180	AT1G72310	AT1G26580	AT1G62310	AT1G35630
AT1G23330	AT1G54250	AT1G72430	AT1G26610	AT1G62480	AT1G35670
AT1G23410	AT1G54340	AT1G73460	AT1G26665	AT1G62980	AT1G43160
AT1G23560	AT1G54580	AT1G73910	AT1G26670	AT1G62981	AT1G43770
AT1G23770	AT1G54630	AT1G74210	AT1G26790	AT1G63030	AT1G44090
AT1G23780	AT1G54690	AT1G74458	AT1G26810	AT1G63310	AT1G44350
AT1G23950	AT1G55140	AT1G74580	AT1G27090	AT1G63710	AT1G45145
AT1G24090	AT1G55340	AT1G74690	AT1G27200	AT1G63870	AT1G47130
AT1G24100	AT1G55360	AT1G75060	AT1G27510	AT1G63930	AT1G48040
AT1G24210	AT1G55490	AT1G75150	AT1G27520	AT1G64890	AT1G48330
AT1G24267	AT1G55930	AT1G75500	AT1G27540	AT1G65510	AT1G49450
AT1G24310	AT1G56045	AT1G75640	AT1G27600	AT1G66230	AT1G49530
AT1G24420	AT1G56050	AT1G75840	AT1G27670	AT1G66290	AT1G49640
AT1G24430	AT1G56190	AT1G75920	AT1G27750	AT1G66860	AT1G49780
AT1G24480	AT1G56450	AT1G76420	AT1G28010	AT1G67623	AT1G50460
AT1G25180	AT1G56570	AT1G76540	AT1G28040	AT1G67990	AT1G50600
AT1G25211	AT1G56690	AT1G77580	AT1G28290	AT1G68090	AT1G50740
AT1G25260	AT1G57540	AT1G77690	AT1G28330	AT1G68200	AT1G51090
AT1G25350	AT1G57720	AT1G77710	AT1G28660	AT1G68480	AT1G51355
AT1G25360	AT1G59600	AT1G77860	AT1G28670	AT1G68725	AT1G51450
AT1G25460	AT1G60070	AT1G77920	AT1G29355	AT1G68800	AT1G51480
AT1G25520	AT1G60660	AT1G78060	AT1G29430	AT1G69260	AT1G51660
AT1G25530	AT1G60700	AT1G78630	AT1G29440	AT1G69270	AT1G51700
AT1G25570	AT1G61390	AT1G78900	AT1G29450	AT1G69570	AT1G51760
AT1G26190	AT1G61490	AT1G78915	AT1G29500	AT1G70505	AT1G51950
AT1G26210	AT1G61790	AT1G79010	AT1G29510	AT1G70550	AT1G52280
AT1G26340	AT1G62260	AT1G79060	AT1G29660	AT1G70720	AT1G52560
AT1G26370	AT1G62560	AT1G79750	AT1G29670	AT1G70830	AT1G52565
AT1G26420	AT1G62780	AT1G79870	AT1G29970	AT1G70980	AT1G52618
AT1G26460	AT1G63150	AT1G80050	AT1G30130	AT1G71130	AT1G52690
AT1G26470	AT1G63680	AT1G80260	AT1G30200	AT1G71150	AT1G52890
AT1G26500	AT1G63940	AT1G80700	AT1G30280	AT1G71520	AT1G53050
AT1G26520	AT1G64010	AT1G80745	AT1G30840	AT1G71695	AT1G53060
AT1G26530	AT1G64185	AT1G80790	AT1G30970	AT1G72000	AT1G53110
AT1G26660	AT1G64320	AT1G80870	AT1G31050	AT1G72570	AT1G53430
AT1G26750	AT1G64450	AT2G01200	AT1G31070	AT1G72770	AT1G53570
AT1G26770	AT1G64520	AT2G01210	AT1G32170	AT1G73050	AT1G53840
AT1G26880	AT1G64550	AT2G01440	AT1G32250	AT1G73120	AT1G53990
AT1G26910	AT1G64750	AT2G01660	AT1G32450	AT1G73140	AT1G54020
AT1G26930	AT1G64790	AT2G01820	AT1G32780	AT1G73160	AT1G54050
AT1G27040	AT1G64860	AT2G01930	AT1G32910	AT1G73190	AT1G54070
AT1G27050	AT1G64880	AT2G01950	AT1G33050	AT1G73220	AT1G54150
AT1G27060	AT1G64900	AT2G02455	AT1G33055	AT1G73580	AT1G54260
AT1G27330	AT1G64910	AT2G02510	AT1G33240	AT1G74410	AT1G54860
AT1G27385	AT1G65270	AT2G02790	AT1G33260	AT1G74550	AT1G55300
AT1G27390	AT1G65290	AT2G02980	AT1G33290	AT1G74929	AT1G55450
AT1G27400	AT1G65342	AT2G03350	AT1G33320	AT1G75030	AT1G55520
AT1G27410	AT1G65346	AT2G03480	AT1G33340	AT1G75260	AT1G55550
AT1G27470	AT1G65800	AT2G03680	AT1G33430	AT1G75280	AT1G55580
AT1G27690	AT1G66345	AT2G04230	AT1G33790	AT1G75700	AT1G56085
AT1G27900	AT1G66620	AT2G04280	AT1G33800	AT1G75720	AT1G56140
AT1G27970	AT1G66855	AT2G04880	AT1G34340	AT1G76210	AT1G56300
AT1G27980	AT1G67120	AT2G06210	AT1G34440	AT1G76240	AT1G56345
AT1G28210	AT1G67250	AT2G07170	AT1G34460	AT1G76590	AT1G56440
AT1G28350	AT1G67330	AT2G07680	AT1G34580	AT1G76920	AT1G56510
AT1G28360	AT1G67350	AT2G12170	AT1G34650	AT1G77290	AT1G56660
AT1G28395	AT1G67540	AT2G12462	AT1G34760	AT1G77700	AT1G57610
AT1G28510	AT1G67630	AT2G13555	AT1G35340	AT1G77950	AT1G57680
AT1G28530	AT1G67690	AT2G14050	AT1G35617	AT1G78140	AT1G57990
AT1G28560	AT1G69390	AT2G14800	AT1G35720	AT1G78200	AT1G58340
AT1G28580	AT1G70280	AT2G14890	AT1G36675	AT1G78450	AT1G59124
AT1G28610	AT1G70335	AT2G15130	AT1G36980	AT1G78476	AT1G59218
AT1G29030	AT1G70470	AT2G15400	AT1G43700	AT1G78550	AT1G59710
AT1G29090	AT1G70710	AT2G16580	AT1G44160	AT1G78790	AT1G59740
AT1G29100	AT1G70760	AT2G16600	AT1G44770	AT1G78895	AT1G59820
AT1G29150	AT1G71070	AT2G16940	AT1G44820	AT1G78960	AT1G59860
AT1G29240	AT1G71260	AT2G17050	AT1G44830	AT1G79250	AT1G59865
AT1G29250	AT1G71270	AT2G17320	AT1G45163	AT1G79480	AT1G59870
AT1G29320	AT1G71380	AT2G17770	AT1G45191	AT1G79985	AT1G59910
AT1G29418	AT1G71490	AT2G18390	AT1G45688	AT1G80160	AT1G61080
AT1G29530	AT1G72020	AT2G18650	AT1G46768	AT1G80180	AT1G61120
AT1G29730	AT1G72090	AT2G19090	AT1G47270	AT1G80240	AT1G61140
AT1G29880	AT1G72420	AT2G19170	AT1G47610	AT1G80525	AT1G61215
AT1G29940	AT1G72480	AT2G19430	AT1G48090	AT2G01540	AT1G61340
AT1G29965	AT1G72550	AT2G20300	AT1G48175	AT2G01620	AT1G61370
AT1G30240	AT1G72590	AT2G20820	AT1G48260	AT2G02310	AT1G61470
AT1G30550	AT1G72760	AT2G20860	AT1G48410	AT2G02360	AT1G61610
AT1G30660	AT1G72990	AT2G20890	AT1G48450	AT2G03250	AT1G61820
AT1G30680	AT1G73230	AT2G20930	AT1G48490	AT2G03822	AT1G61890
AT1G30760	AT1G73430	AT2G20980	AT1G48510	AT2G04137	AT1G62320
AT1G30820	AT1G73490	AT2G21260	AT1G48750	AT2G04350	AT1G63010
AT1G30870	AT1G73940	AT2G21650	AT1G48840	AT2G04550	AT1G63090
AT1G30890	AT1G74040	AT2G21870	AT1G49005	AT2G05330	AT1G63450
AT1G30960	AT1G74220	AT2G23090	AT1G49032	AT2G05380	AT1G63500
AT1G31010	AT1G74270	AT2G23290	AT1G49180	AT2G05540	AT1G63720
AT1G31180	AT1G74290	AT2G23360	AT1G49210	AT2G05590	AT1G63750
AT1G31500	AT1G74400	AT2G23530	AT1G49240	AT2G06025	AT1G63830
AT1G31660	AT1G74490	AT2G23600	AT1G49250	AT2G07000	AT1G63860
AT1G31810	AT1G74560	AT2G23950	AT1G49360	AT2G07180	AT1G64060
AT1G31817	AT1G75010	AT2G24060	AT1G49500	AT2G07689	AT1G64065
AT1G31835	AT1G75125	AT2G24230	AT1G50290	AT2G07771	AT1G64105
AT1G31860	AT1G75360	AT2G24290	AT1G50480	AT2G07830	AT1G64280
AT1G31970	AT1G76100	AT2G24630	AT1G50630	AT2G10940	AT1G64561
AT1G32090	AT1G76170	AT2G24650	AT1G50730	AT2G12646	AT1G64610
AT1G32220	AT1G76400	AT2G24700	AT1G50750	AT2G13360	AT1G65240
AT1G32380	AT1G76660	AT2G24765	AT1G50970	AT2G13570	AT1G65430
AT1G32440	AT1G76930	AT2G25000	AT1G51110	AT2G14045	AT1G65890
AT1G32580	AT1G77010	AT2G25170	AT1G51170	AT2G14260	AT1G66050
AT1G32610	AT1G77320	AT2G25280	AT1G51200	AT2G14560	AT1G66090
AT1G32730	AT1G77750	AT2G25490	AT1G51400	AT2G15320	AT1G66260
AT1G33060	AT1G78180	AT2G25610	AT1G51440	AT2G15960	AT1G66280
AT1G33120	AT1G78650	AT2G25680	AT1G51500	AT2G15970	AT1G66400
AT1G33350	AT1G78770	AT2G26270	AT1G51550	AT2G16700	AT1G66500
AT1G33390	AT1G79103	AT2G26550	AT1G51670	AT2G16980	AT1G66510
AT1G33990	AT1G79120	AT2G26640	AT1G52150	AT2G17030	AT1G66600
AT1G34030	AT1G79170	AT2G26730	AT1G52190	AT2G17300	AT1G66760
AT1G34130	AT1G79230	AT2G26760	AT1G52245	AT2G17430	AT1G66780
AT1G34160	AT1G79280	AT2G27060	AT1G52740	AT2G17690	AT1G67000
AT1G34360	AT1G79390	AT2G27130	AT1G52750	AT2G18470	AT1G67060
AT1G34380	AT1G79530	AT2G27190	AT1G52830	AT2G18670	AT1G67190
AT1G34570	AT1G79560	AT2G27340	AT1G53070	AT2G18880	AT1G67230
AT1G34750	AT1G79890	AT2G27402	AT1G53080	AT2G18970	AT1G67310
AT1G34770	AT1G79950	AT2G27970	AT1G53190	AT2G20350	AT1G67470
AT1G35170	AT1G80070	AT2G28050	AT1G53210	AT2G20362	AT1G67560
AT1G35320	AT1G80170	AT2G28105	AT1G53500	AT2G20880	AT1G67570
AT1G35515	AT1G80230	AT2G28310	AT1G53580	AT2G21060	AT1G67770
AT1G36280	AT1G80360	AT2G28605	AT1G53590	AT2G21140	AT1G67810
AT1G36310	AT1G80625	AT2G28620	AT1G53780	AT2G21540	AT1G67850
AT1G36390	AT1G80680	AT2G28950	AT1G54130	AT2G21590	AT1G67856
AT1G37130	AT1G80770	AT2G29310	AT1G54350	AT2G21820	AT1G67920
AT1G41880	AT1G80860	AT2G29330	AT1G54370	AT2G21880	AT1G67970
AT1G42440	AT1G80880	AT2G29390	AT1G54410	AT2G21910	AT1G68340
AT1G43860	AT2G01350	AT2G29550	AT1G54560	AT2G23780	AT1G68390
AT1G43900	AT2G01580	AT2G29680	AT1G54740	AT2G23810	AT1G68410
AT1G44608	AT2G01670	AT2G29930	AT1G54790	AT2G23840	AT1G68620
AT1G44835	AT2G02050	AT2G30170	AT1G54920	AT2G23985	AT1G68690
AT1G45110	AT2G02061	AT2G30790	AT1G55000	AT2G23987	AT1G68840
AT1G45201	AT2G02120	AT2G30980	AT1G55010	AT2G24535	AT1G69030
AT1G45231	AT2G02560	AT2G31160	AT1G55160	AT2G25600	AT1G69050
AT1G47278	AT2G02850	AT2G31650	AT1G55260	AT2G26350	AT1G69370
AT1G47480	AT2G03220	AT2G32170	AT1G55510	AT2G26370	AT1G69600
AT1G47490	AT2G03260	AT2G32450	AT1G55675	AT2G26570	AT1G69610
AT1G47500	AT2G03380	AT2G32520	AT1G55810	AT2G26800	AT1G69760
AT1G47720	AT2G03780	AT2G32640	AT1G56090	AT2G27035	AT1G69800
AT1G47870	AT2G03880	AT2G32780	AT1G56200	AT2G27120	AT1G69840
AT1G47890	AT2G04515	AT2G32810	AT1G56210	AT2G27380	AT1G69890
AT1G48030	AT2G04630	AT2G33050	AT1G56220	AT2G27740	AT1G69935
AT1G48140	AT2G04845	AT2G33470	AT1G56280	AT2G27930	AT1G70000
AT1G48200	AT2G04860	AT2G33620	AT1G56460	AT2G28760	AT1G70130
AT1G48390	AT2G05160	AT2G33735	AT1G56610	AT2G28870	AT1G70610
AT1G48460	AT2G05440	AT2G33800	AT1G56700	AT2G29130	AT1G70640
AT1G48570	AT2G05510	AT2G33820	AT1G56720	AT2G29360	AT1G70700
AT1G48630	AT2G05710	AT2G33860	AT1G57870	AT2G29485	AT1G70740
AT1G48635	AT2G06925	AT2G34230	AT1G57980	AT2G29620	AT1G70790
AT1G48850	AT2G07340	AT2G34620	AT1G58007	AT2G29735	AT1G70800
AT1G48860	AT2G07625	AT2G35260	AT1G58030	AT2G30360	AT1G71000
AT1G48900	AT2G07656	AT2G35450	AT1G58235	AT2G30440	AT1G71050
AT1G48920	AT2G07690	AT2G35490	AT1G58936	AT2G30660	AT1G71080
AT1G49310	AT2G07835	AT2G35620	AT1G59610	AT2G30670	AT1G71170
AT1G49320	AT2G11910	AT2G35780	AT1G59750	AT2G30760	AT1G71360
AT1G49400	AT2G13440	AT2G35810	AT1G59830	AT2G30900	AT1G71697
AT1G49410	AT2G13560	AT2G36570	AT1G59900	AT2G31350	AT1G71950
AT1G49540	AT2G13600	AT2G37080	AT1G60010	AT2G31985	AT1G72120
AT1G49760	AT2G13690	AT2G37450	AT1G60050	AT2G32150	AT1G72450
AT1G49820	AT2G13900	AT2G37560	AT1G60270	AT2G32320	AT1G72470
AT1G49880	AT2G14920	AT2G37960	AT1G60430	AT2G32370	AT1G72520
AT1G49970	AT2G15000	AT2G38040	AT1G60790	AT2G32690	AT1G72660
AT1G50050	AT2G15290	AT2G38710	AT1G60989	AT2G32750	AT1G72800
AT1G50110	AT2G15790	AT2G38780	AT1G61130	AT2G32885	AT1G72920
AT1G50180	AT2G15860	AT2G39360	AT1G61160	AT2G33160	AT1G72930
AT1G50370	AT2G16190	AT2G39780	AT1G61180	AT2G33385	AT1G72940
AT1G50400	AT2G16440	AT2G39930	AT1G61255	AT2G33390	AT1G73080
AT1G50840	AT2G16730	AT2G40070	AT1G61260	AT2G33790	AT1G73480
AT1G50910	AT2G16750	AT2G40085	AT1G61740	AT2G33830	AT1G73500
AT1G50920	AT2G17060	AT2G40160	AT1G61970	AT2G33980	AT1G73805
AT1G51310	AT2G17140	AT2G40316	AT1G62040	AT2G34530	AT1G73880
AT1G51380	AT2G17360	AT2G40480	AT1G62050	AT2G34540	AT1G74140
AT1G51510	AT2G17830	AT2G40970	AT1G62360	AT2G34700	AT1G74310
AT1G51680	AT2G18150	AT2G41082	AT1G62430	AT2G34910	AT1G74330
AT1G51710	AT2G18290	AT2G41450	AT1G62440	AT2G35075	AT1G74430
AT1G51790	AT2G18420	AT2G41560	AT1G62610	AT2G35600	AT1G74440
AT1G51800	AT2G18740	AT2G41620	AT1G62620	AT2G35690	AT1G74530
AT1G51840	AT2G18850	AT2G42210	AT1G63000	AT2G36320	AT1G74860
AT1G51850	AT2G18990	AT2G42260	AT1G63080	AT2G36500	AT1G74930
AT1G51860	AT2G19150	AT2G42320	AT1G63110	AT2G36780	AT1G75000
AT1G51890	AT2G19480	AT2G42610	AT1G63300	AT2G36830	AT1G75020
AT1G51980	AT2G19520	AT2G43150	AT1G63570	AT2G36895	AT1G75180
AT1G52160	AT2G19680	AT2G43350	AT1G63800	AT2G36920	AT1G75400
AT1G52310	AT2G19720	AT2G43410	AT1G64180	AT2G37150	AT1G75620
AT1G52340	AT2G19860	AT2G43535	AT1G64230	AT2G37180	AT1G75860
AT1G52430	AT2G20060	AT2G43690	AT1G64440	AT2G37870	AT1G75890
AT1G52500	AT2G20270	AT2G43750	AT1G64640	AT2G37880	AT1G76040
AT1G52600	AT2G20290	AT2G43800	AT1G64710	AT2G37920	AT1G76060
AT1G52730	AT2G20330	AT2G44210	AT1G64720	AT2G37925	AT1G76065
AT1G52760	AT2G20390	AT2G44580	AT1G65090	AT2G38500	AT1G76070
AT1G52780	AT2G20420	AT2G44910	AT1G65180	AT2G38640	AT1G76130
AT1G52905	AT2G20530	AT2G45160	AT1G65190	AT2G39100	AT1G76360
AT1G52930	AT2G20620	AT2G45540	AT1G65310	AT2G39805	AT1G76390
AT1G52980	AT2G20875	AT2G45810	AT1G65350	AT2G40470	AT1G76580
AT1G53200	AT2G21290	AT2G45830	AT1G65670	AT2G40475	AT1G76600
AT1G53330	AT2G21340	AT2G46180	AT1G65920	AT2G40715	AT1G76640
AT1G53345	AT2G21370	AT2G46560	AT1G66020	AT2G40740	AT1G76650
AT1G53460	AT2G21710	AT2G47320	AT1G66170	AT2G40810	AT1G76680
AT1G53530	AT2G21790	AT2G47390	AT1G66370	AT2G40850	AT1G76700
AT1G53600	AT2G22070	AT2G47500	AT1G66460	AT2G41200	AT1G76970
AT1G53645	AT2G22230	AT2G47690	AT1G66730	AT2G41260	AT1G77060
AT1G53750	AT2G22400	AT2G47860	AT1G66870	AT2G41280	AT1G77220
AT1G54270	AT2G22425	AT2G47930	AT1G66940	AT2G41300	AT1G77250
AT1G54380	AT2G22600	AT3G01120	AT1G67080	AT2G41610	AT1G77360
AT1G54770	AT2G23350	AT3G01180	AT1G67280	AT2G42330	AT1G77370
AT1G54820	AT2G23370	AT3G01340	AT1G67580	AT2G42780	AT1G77420
AT1G54990	AT2G23910	AT3G01345	AT1G67790	AT2G42900	AT1G77450
AT1G55040	AT2G23930	AT3G01780	AT1G67950	AT2G43255	AT1G77855
AT1G55150	AT2G23940	AT3G01910	AT1G68010	AT2G44430	AT1G77885
AT1G55205	AT2G24090	AT3G01930	AT1G68020	AT2G45320	AT1G77890
AT1G55350	AT2G24390	AT3G02180	AT1G68240	AT2G45400	AT1G78210
AT1G55370	AT2G24970	AT3G02410	AT1G68300	AT2G45740	AT1G78230
AT1G55610	AT2G25320	AT3G02540	AT1G68430	AT2G45960	AT1G78280
AT1G55630	AT2G25420	AT3G02730	AT1G68440	AT2G46260	AT1G78310
AT1G55750	AT2G25710	AT3G03040	AT1G68526	AT2G46270	AT1G78410
AT1G55890	AT2G25910	AT3G03070	AT1G68530	AT2G46735	AT1G78600
AT1G55900	AT2G26110	AT3G03100	AT1G68540	AT2G46940	AT1G78830
AT1G55915	AT2G26260	AT3G03130	AT1G68640	AT2G47270	AT1G78940
AT1G56070	AT2G26450	AT3G03250	AT1G68740	AT2G47360	AT1G79310
AT1G56080	AT2G26680	AT3G03710	AT1G68810	AT2G47485	AT1G79510
AT1G56110	AT2G26930	AT3G04370	AT1G68870	AT2G47570	AT1G79600
AT1G56330	AT2G27020	AT3G04490	AT1G68935	AT2G47600	AT1G79710
AT1G56340	AT2G27240	AT3G04610	AT1G69080	AT2G48075	AT1G79920
AT1G56350	AT2G27470	AT3G04850	AT1G69170	AT3G01140	AT1G80110
AT1G57660	AT2G27630	AT3G05340	AT1G69230	AT3G01310	AT1G80120
AT1G57730	AT2G27650	AT3G05410	AT1G69360	AT3G01350	AT1G80610
AT1G57770	AT2G27720	AT3G06060	AT1G69510	AT3G01400	AT1G80840
AT1G57860	AT2G27730	AT3G06130	AT1G69588	AT3G01440	AT2G01150
AT1G58380	AT2G27810	AT3G06430	AT1G69970	AT3G01670	AT2G01290
AT1G58684	AT2G28070	AT3G06670	AT1G70100	AT3G01680	AT2G01300
AT1G59510	AT2G28120	AT3G06740	AT1G70370	AT3G01860	AT2G01430
AT1G59560	AT2G28190	AT3G07180	AT1G70660	AT3G01900	AT2G01450
AT1G59890	AT2G28430	AT3G07500	AT1G70850	AT3G01950	AT2G02860
AT1G59990	AT2G28680	AT3G07510	AT1G70890	AT3G01960	AT2G02870
AT1G60080	AT2G29210	AT3G07540	AT1G70900	AT3G02170	AT2G03040
AT1G60500	AT2G29300	AT3G07690	AT1G70940	AT3G02270	AT2G03130
AT1G60620	AT2G29320	AT3G07950	AT1G71340	AT3G02310	AT2G03240
AT1G60640	AT2G29530	AT3G08570	AT1G71720	AT3G02670	AT2G03290
AT1G60650	AT2G29960	AT3G08610	AT1G71790	AT3G02677	AT2G03530
AT1G60770	AT2G30105	AT3G08790	AT1G71960	AT3G03150	AT2G03690
AT1G60800	AT2G30200	AT3G09035	AT1G71970	AT3G03340	AT2G05260
AT1G60850	AT2G30370	AT3G09080	AT1G72150	AT3G03341	AT2G05370
AT1G60890	AT2G30695	AT3G09190	AT1G72160	AT3G03690	AT2G05940
AT1G61570	AT2G30860	AT3G09860	AT1G72180	AT3G03760	AT2G06050
AT1G61580	AT2G31100	AT3G09980	AT1G72200	AT3G04010	AT2G06530
AT1G61730	AT2G31270	AT3G10180	AT1G72610	AT3G04210	AT2G07749
AT1G61770	AT2G31300	AT3G10850	AT1G72645	AT3G04330	AT2G12190
AT1G61870	AT2G31490	AT3G10860	AT1G72700	AT3G04410	AT2G13650
AT1G61990	AT2G31660	AT3G10880	AT1G72840	AT3G05010	AT2G13790
AT1G62010	AT2G31725	AT3G11050	AT1G72850	AT3G05540	AT2G13800
AT1G62110	AT2G31890	AT3G11180	AT1G72890	AT3G05660	AT2G13960
AT1G62150	AT2G31970	AT3G11520	AT1G73066	AT3G05700	AT2G14110
AT1G62350	AT2G32230	AT3G11540	AT1G73170	AT3G05880	AT2G14290
AT1G62380	AT2G32275	AT3G12080	AT1G73300	AT3G05890	AT2G15310
AT1G62720	AT2G32280	AT3G12170	AT1G73380	AT3G05950	AT2G15390
AT1G62790	AT2G32530	AT3G12260	AT1G73470	AT3G06270	AT2G15480
AT1G62800	AT2G32550	AT3G12750	AT1G73590	AT3G06780	AT2G15730
AT1G63050	AT2G32650	AT3G12780	AT1G73640	AT3G06985	AT2G16870
AT1G63160	AT2G32680	AT3G12870	AT1G73655	AT3G07220	AT2G17220
AT1G63250	AT2G32730	AT3G13120	AT1G73660	AT3G07255	AT2G17260
AT1G63290	AT2G33040	AT3G13222	AT1G73885	AT3G07350	AT2G17290
AT1G63480	AT2G33205	AT3G13404	AT1G74110	AT3G07560	AT2G17450
AT1G63660	AT2G33210	AT3G13440	AT1G74370	AT3G07570	AT2G17660
AT1G63780	AT2G33230	AT3G13510	AT1G74500	AT3G07740	AT2G17705
AT1G63810	AT2G33250	AT3G14110	AT1G74520	AT3G08040	AT2G17840
AT1G64100	AT2G33255	AT3G14172	AT1G74670	AT3G08660	AT2G17900
AT1G64220	AT2G33330	AT3G14415	AT1G74770	AT3G08750	AT2G18090
AT1G64350	AT2G33760	AT3G14740	AT1G74910	AT3G08770	AT2G18210
AT1G64490	AT2G33850	AT3G15020	AT1G74920	AT3G09640	AT2G18500
AT1G64540	AT2G34220	AT3G16020	AT1G75080	AT3G09922	AT2G18680
AT1G64580	AT2G34238	AT3G16060	AT1G75090	AT3G10020	AT2G18690
AT1G64600	AT2G34310	AT3G16140	AT1G75100	AT3G10210	AT2G19310
AT1G65030	AT2G34325	AT3G16520	AT1G75310	AT3G10250	AT2G19710
AT1G65080	AT2G34480	AT3G16540	AT1G75630	AT3G10420	AT2G19780
AT1G65410	AT2G34640	AT3G17210	AT1G75680	AT3G10450	AT2G20010
AT1G65481	AT2G34960	AT3G17840	AT1G75710	AT3G10525	AT2G20110
AT1G65500	AT2G34990	AT3G17900	AT1G75780	AT3G10720	AT2G20130
AT1G65650	AT2G35160	AT3G17940	AT1G75800	AT3G11000	AT2G20142
AT1G65700	AT2G35500	AT3G18000	AT1G76020	AT3G11230	AT2G20560
AT1G65820	AT2G35635	AT3G18035	AT1G76460	AT3G11470	AT2G20562
AT1G66060	AT2G35740	AT3G18090	AT1G76620	AT3G11530	AT2G20630
AT1G66070	AT2G36230	AT3G18215	AT1G76800	AT3G11660	AT2G20810
AT1G66250	AT2G36530	AT3G18490	AT1G77080	AT3G12140	AT2G20815
AT1G66520	AT2G37340	AT3G18880	AT1G77110	AT3G12300	AT2G20835
AT1G66530	AT2G37370	AT3G19300	AT1G77180	AT3G12350	AT2G20900
AT1G66670	AT2G37390	AT3G19400	AT1G78100	AT3G12360	AT2G21120
AT1G66700	AT2G37500	AT3G19515	AT1G78130	AT3G12710	AT2G21130
AT1G66750	AT2G37510	AT3G19820	AT1G78170	AT3G12835	AT2G21190
AT1G66800	AT2G37530	AT3G20230	AT1G78290	AT3G12955	AT2G21490
AT1G66820	AT2G37820	AT3G21350	AT1G78480	AT3G13224	AT2G21500
AT1G66830	AT2G37860	AT3G21760	AT1G78700	AT3G13480	AT2G21510
AT1G66920	AT2G38380	AT3G22425	AT1G78720	AT3G13590	AT2G21940
AT1G67110	AT2G38550	AT3G22810	AT1G78815	AT3G14170	AT2G22010
AT1G67170	AT2G38650	AT3G22960	AT1G78820	AT3G14250	AT2G22300
AT1G67430	AT2G38670	AT3G23070	AT1G78970	AT3G14530	AT2G22500
AT1G67490	AT2G39140	AT3G23110	AT1G79130	AT3G14560	AT2G22560
AT1G67620	AT2G39415	AT3G23290	AT1G79340	AT3G14595	AT2G22690
AT1G67680	AT2G39450	AT3G23690	AT1G79380	AT3G14850	AT2G22740
AT1G67760	AT2G39460	AT3G23740	AT1G79660	AT3G15095	AT2G22760
AT1G68150	AT2G39670	AT3G23890	AT1G79700	AT3G15450	AT2G22790
AT1G68185	AT2G39870	AT3G23900	AT1G79760	AT3G15540	AT2G22800
AT1G68460	AT2G39920	AT3G23910	AT1G79790	AT3G15580	AT2G22850
AT1G68550	AT2G39975	AT3G24010	AT1G79970	AT3G16120	AT2G22860
AT1G68730	AT2G40010	AT3G24255	AT1G80210	AT3G16300	AT2G22880
AT1G68990	AT2G40205	AT3G24503	AT1G80315	AT3G16525	AT2G22890
AT1G69070	AT2G40510	AT3G24660	AT1G80350	AT3G16785	AT2G22910
AT1G69200	AT2G40550	AT3G25100	AT1G80380	AT3G17227	AT2G23110
AT1G69210	AT2G40765	AT3G25530	AT1G80420	AT3G17320	AT2G23120
AT1G69250	AT2G41080	AT3G25680	AT1G80440	AT3G17720	AT2G23680
AT1G69350	AT2G41220	AT3G25700	AT1G80570	AT3G17980	AT2G24100
AT1G69380	AT2G41840	AT3G26050	AT1G80690	AT3G18260	AT2G24130
AT1G69410	AT2G42120	AT3G26210	AT1G80740	AT3G18350	AT2G24330
AT1G69480	AT2G42290	AT3G26480	AT1G80780	AT3G18773	AT2G24530
AT1G69530	AT2G42570	AT3G26935	AT1G80920	AT3G19320	AT2G24600
AT1G69560	AT2G42910	AT3G27060	AT2G01080	AT3G19550	AT2G24640
AT1G69620	AT2G42955	AT3G27190	AT2G01090	AT3G19620	AT2G24850
AT1G69660	AT2G43460	AT3G27300	AT2G01100	AT3G19663	AT2G24860
AT1G69680	AT2G43465	AT3G27325	AT2G01130	AT3G19990	AT2G25297
AT1G69880	AT2G43600	AT3G27640	AT2G01270	AT3G20190	AT2G25460
AT1G70190	AT2G43730	AT3G27750	AT2G01755	AT3G20340	AT2G25470
AT1G70310	AT2G44065	AT3G27830	AT2G01910	AT3G20450	AT2G25690
AT1G70350	AT2G44220	AT3G27850	AT2G02130	AT3G20570	AT2G25735
AT1G70460	AT2G44380	AT3G28130	AT2G02400	AT3G20865	AT2G25737
AT1G70600	AT2G44620	AT3G29185	AT2G02470	AT3G21090	AT2G26000
AT1G70770	AT2G44640	AT3G30730	AT2G02570	AT3G21370	AT2G26150
AT1G71040	AT2G44650	AT3G32980	AT2G02710	AT3G21380	AT2G26190
AT1G71060	AT2G44660	AT3G42150	AT2G02760	AT3G21720	AT2G26380
AT1G71210	AT2G44890	AT3G42725	AT2G02780	AT3G22250	AT2G26390
AT1G71280	AT2G45280	AT3G43220	AT2G03090	AT3G22415	AT2G26400
AT1G71820	AT2G45340	AT3G43610	AT2G03200	AT3G23123	AT2G26410
AT1G71840	AT2G45460	AT3G44050	AT2G03710	AT3G23180	AT2G26420
AT1G71850	AT2G45640	AT3G44430	AT2G03850	AT3G23220	AT2G26530
AT1G72050	AT2G46040	AT3G44716	AT2G04240	AT3G23460	AT2G26600
AT1G72320	AT2G46110	AT3G44890	AT2G04410	AT3G23480	AT2G27200
AT1G72340	AT2G46505	AT3G44900	AT2G04500	AT3G23860	AT2G27260
AT1G72370	AT2G46540	AT3G44990	AT2G04540	AT3G24065	AT2G27310
AT1G72440	AT2G46690	AT3G45080	AT2G04570	AT3G24110	AT2G27389
AT1G72540	AT2G46840	AT3G45310	AT2G04680	AT3G25490	AT2G27480
AT1G72545	AT2G46870	AT3G45600	AT2G04690	AT3G25585	AT2G27500
AT1G72560	AT2G46980	AT3G45840	AT2G04780	AT3G25840	AT2G27505
AT1G72750	AT2G47010	AT3G45850	AT2G04790	AT3G26000	AT2G27580
AT1G73110	AT2G47170	AT3G45930	AT2G04800	AT3G26180	AT2G27690
AT1G73177	AT2G47380	AT3G45980	AT2G04940	AT3G26280	AT2G28210
AT1G73180	AT2G47530	AT3G46030	AT2G05210	AT3G26520	AT2G28400
AT1G73240	AT2G47580	AT3G46320	AT2G05520	AT3G26630	AT2G28650
AT1G73280	AT2G47590	AT3G46550	AT2G06850	AT3G27185	AT2G29065
AT1G73340	AT2G47640	AT3G46580	AT2G10930	AT3G27460	AT2G29410
AT1G73450	AT2G47880	AT3G46880	AT2G13547	AT3G28007	AT2G29420
AT1G73770	AT2G47980	AT3G46890	AT2G14095	AT3G28335	AT2G29440
AT1G73840	AT2G48030	AT3G47350	AT2G14160	AT3G28380	AT2G29450
AT1G73875	AT2G48120	AT3G47836	AT2G14170	AT3G28430	AT2G29460
AT1G74030	AT3G01130	AT3G48030	AT2G14900	AT3G29030	AT2G29500
AT1G74050	AT3G01280	AT3G48110	AT2G14910	AT3G29638	AT2G29720
AT1G74060	AT3G01311	AT3G48160	AT2G15050	AT3G30380	AT2G30020
AT1G74230	AT3G01570	AT3G48490	AT2G15880	AT3G43840	AT2G30120
AT1G74240	AT3G01740	AT3G48540	AT2G15890	AT3G44220	AT2G30250
AT1G74260	AT3G01790	AT3G48600	AT2G16990	AT3G44970	AT2G30400
AT1G74600	AT3G02090	AT3G48670	AT2G17020	AT3G45130	AT2G30550
AT1G74630	AT3G02200	AT3G48770	AT2G17036	AT3G45390	AT2G30720
AT1G74700	AT3G02330	AT3G48900	AT2G17440	AT3G45500	AT2G30830
AT1G74790	AT3G02500	AT3G48920	AT2G17550	AT3G45830	AT2G30990
AT1G75200	AT3G02630	AT3G49155	AT2G17600	AT3G45870	AT2G31090
AT1G75335	AT3G02885	AT3G49290	AT2G17710	AT3G46400	AT2G31230
AT1G75340	AT3G02900	AT3G49500	AT2G17787	AT3G46710	AT2G31425
AT1G75510	AT3G02970	AT3G50570	AT2G17880	AT3G47170	AT2G31580
AT1G75560	AT3G02980	AT3G51280	AT2G17930	AT3G47295	AT2G31865
AT1G75580	AT3G03480	AT3G51310	AT2G18050	AT3G47340	AT2G31880
AT1G75670	AT3G03620	AT3G51480	AT2G18100	AT3G47675	AT2G31945
AT1G75980	AT3G03630	AT3G51670	AT2G18230	AT3G47680	AT2G31990
AT1G76120	AT3G03650	AT3G51950	AT2G18280	AT3G47740	AT2G32030
AT1G76140	AT3G04020	AT3G52050	AT2G18300	AT3G48020	AT2G32120
AT1G76280	AT3G04400	AT3G52115	AT2G18800	AT3G48050	AT2G32130
AT1G76300	AT3G04510	AT3G52200	AT2G18890	AT3G48880	AT2G32140
AT1G76405	AT3G04550	AT3G52270	AT2G18969	AT3G48940	AT2G32190
AT1G76410	AT3G04760	AT3G52300	AT2G19660	AT3G48960	AT2G32210
AT1G76520	AT3G04830	AT3G52630	AT2G19790	AT3G49520	AT2G32240
AT1G76550	AT3G05070	AT3G52750	AT2G19810	AT3G49550	AT2G32250
AT1G76810	AT3G05590	AT3G52910	AT2G19930	AT3G49760	AT2G32510
AT1G76960	AT3G05680	AT3G52920	AT2G19950	AT3G50170	AT2G32930
AT1G77030	AT3G06450	AT3G53190	AT2G20120	AT3G50980	AT2G33110
AT1G77340	AT3G06460	AT3G53210	AT2G20210	AT3G51040	AT2G33380
AT1G77380	AT3G06510	AT3G53680	AT2G20230	AT3G51490	AT2G33580
AT1G77540	AT3G06545	AT3G53850	AT2G20550	AT3G51600	AT2G33590
AT1G77550	AT3G06700	AT3G54080	AT2G20670	AT3G53010	AT2G33700
AT1G77610	AT3G06720	AT3G54440	AT2G20700	AT3G53400	AT2G34070
AT1G77670	AT3G07030	AT3G54630	AT2G20740	AT3G53600	AT2G34140
AT1G77810	AT3G07070	AT3G54710	AT2G20920	AT3G53980	AT2G34340
AT1G77840	AT3G07170	AT3G54790	AT2G20950	AT3G54200	AT2G34380
AT1G77940	AT3G07260	AT3G54920	AT2G21050	AT3G54290	AT2G34600
AT1G78000	AT3G07440	AT3G55230	AT2G21185	AT3G54450	AT2G34930
AT1G78190	AT3G07480	AT3G55520	AT2G21200	AT3G54730	AT2G35290
AT1G78530	AT3G07610	AT3G56100	AT2G21240	AT3G54840	AT2G35510
AT1G78620	AT3G07920	AT3G56160	AT2G21400	AT3G55566	AT2G35658
AT1G78930	AT3G08000	AT3G56370	AT2G21560	AT3G55710	AT2G35700
AT1G79050	AT3G08520	AT3G56580	AT2G21950	AT3G56380	AT2G35710
AT1G79070	AT3G08740	AT3G56590	AT2G21970	AT3G56630	AT2G35850
AT1G79080	AT3G08820	AT3G56891	AT2G22570	AT3G56730	AT2G35930
AT1G79150	AT3G08860	AT3G57030	AT2G22810	AT3G58120	AT2G36220
AT1G79190	AT3G09070	AT3G57060	AT2G22980	AT3G58720	AT2G36630
AT1G79200	AT3G09160	AT3G57080	AT2G22990	AT3G60220	AT2G36640
AT1G79320	AT3G09500	AT3G57860	AT2G23070	AT3G60990	AT2G36650
AT1G79450	AT3G09660	AT3G58050	AT2G23180	AT3G61160	AT2G37110
AT1G79470	AT3G09730	AT3G58100	AT2G23550	AT3G61400	AT2G37210
AT1G79490	AT3G09820	AT3G58460	AT2G24280	AT3G61790	AT2G37440
AT1G79540	AT3G10270	AT3G58650	AT2G24300	AT3G62090	AT2G37940
AT1G79570	AT3G10690	AT3G59110	AT2G24540	AT3G62380	AT2G38230
AT1G79610	AT3G10920	AT3G59190	AT2G24550	AT3G62560	AT2G38240
AT1G79730	AT3G11070	AT3G59410	AT2G24681	AT3G62650	AT2G38250
AT1G79800	AT3G11120	AT3G59430	AT2G24720	AT3G62690	AT2G38360
AT1G79810	AT3G11250	AT3G59550	AT2G24940	AT3G63220	AT2G38465
AT1G80040	AT3G11460	AT3G59920	AT2G25070	AT3G63350	AT2G38470
AT1G80150	AT3G11630	AT3G59980	AT2G25080	AT4G00155	AT2G38740
AT1G80270	AT3G11830	AT3G60320	AT2G25090	AT4G00840	AT2G38760
AT1G80460	AT3G11940	AT3G61050	AT2G25220	AT4G01430	AT2G39110
AT1G80480	AT3G11945	AT3G61130	AT2G25310	AT4G01450	AT2G39420
AT1G80560	AT3G12280	AT3G61310	AT2G25590	AT4G01950	AT2G39650
AT1G80600	AT3G12380	AT3G61690	AT2G25605	AT4G02160	AT2G39770
AT1G80620	AT3G12390	AT3G61898	AT2G25730	AT4G02740	AT2G39830
AT1G80710	AT3G12530	AT3G62130	AT2G25964	AT4G03175	AT2G40000
AT1G80720	AT3G12900	AT3G62300	AT2G26030	AT4G03495	AT2G40090
AT1G80750	AT3G13130	AT3G62390	AT2G26210	AT4G04025	AT2G40095
AT1G80890	AT3G13180	AT3G62970	AT2G26250	AT4G04860	AT2G40116
AT1G80910	AT3G13420	AT3G63120	AT2G26330	AT4G05220	AT2G40140
AT1G80950	AT3G13560	AT3G63170	AT2G26340	AT4G05430	AT2G40270
AT2G01250	AT3G13857	AT3G63410	AT2G26430	AT4G08330	AT2G40620
AT2G01390	AT3G13920	AT3G63430	AT2G26510	AT4G08400	AT2G40830
AT2G01510	AT3G13930	AT4G00020	AT2G26670	AT4G08760	AT2G41100
AT2G01630	AT3G13980	AT4G00380	AT2G26695	AT4G09100	AT2G41110
AT2G01640	AT3G14120	AT4G00695	AT2G26710	AT4G09990	AT2G41160
AT2G01730	AT3G14140	AT4G00710	AT2G26910	AT4G10843	AT2G41420
AT2G01740	AT3G14240	AT4G00830	AT2G27000	AT4G11300	AT2G41480
AT2G01750	AT3G14390	AT4G00880	AT2G27030	AT4G11360	AT2G41640
AT2G02060	AT3G14420	AT4G00990	AT2G27385	AT4G11960	AT2G41835
AT2G02150	AT3G14450	AT4G01100	AT2G27420	AT4G12040	AT2G41880
AT2G02590	AT3G14600	AT4G01230	AT2G27920	AT4G12210	AT2G41890
AT2G02740	AT3G14790	AT4G01270	AT2G27950	AT4G12570	AT2G42010
AT2G02880	AT3G15130	AT4G01380	AT2G28100	AT4G12580	AT2G42080
AT2G02955	AT3G15150	AT4G01435	AT2G28260	AT4G12680	AT2G42440
AT2G03070	AT3G15380	AT4G01690	AT2G28370	AT4G12710	AT2G42760
AT2G03110	AT3G15530	AT4G02010	AT2G28410	AT4G12940	AT2G43020
AT2G03120	AT3G15640	AT4G02020	AT2G28420	AT4G13810	AT2G43260
AT2G03360	AT3G15660	AT4G02060	AT2G28470	AT4G14020	AT2G43320
AT2G03410	AT3G16000	AT4G02070	AT2G28490	AT4G14305	AT2G43580
AT2G03510	AT3G16260	AT4G02110	AT2G28800	AT4G15460	AT2G43590
AT2G03640	AT3G16290	AT4G02610	AT2G28910	AT4G15470	AT2G44070
AT2G03670	AT3G16310	AT4G02630	AT2G29020	AT4G15620	AT2G44200
AT2G03810	AT3G16610	AT4G02680	AT2G29050	AT4G16070	AT2G44280
AT2G03820	AT3G17160	AT4G02900	AT2G29400	AT4G16220	AT2G44578
AT2G04050	AT3G17300	AT4G03100	AT2G29630	AT4G16566	AT2G44745
AT2G04160	AT3G17830	AT4G03415	AT2G29700	AT4G16580	AT2G44840
AT2G04390	AT3G18390	AT4G04770	AT2G29980	AT4G16745	AT2G44970
AT2G04520	AT3G18410	AT4G04850	AT2G30070	AT4G16810	AT2G45500
AT2G04530	AT3G18510	AT4G04880	AT2G30080	AT4G16900	AT2G45760
AT2G04660	AT3G18524	AT4G05170	AT2G30410	AT4G17160	AT2G46070
AT2G04740	AT3G18970	AT4G05180	AT2G30600	AT4G17170	AT2G46080
AT2G05120	AT3G19170	AT4G07408	AT2G31440	AT4G17340	AT2G46240
AT2G05220	AT3G19180	AT4G08280	AT2G31810	AT4G17640	AT2G46370
AT2G05910	AT3G19330	AT4G09000	AT2G31930	AT4G17730	AT2G46400
AT2G06040	AT3G19450	AT4G09020	AT2G31960	AT4G17900	AT2G46500
AT2G06200	AT3G19508	AT4G09670	AT2G31980	AT4G18140	AT2G46620
AT2G06990	AT3G19810	AT4G09970	AT2G32080	AT4G18203	AT2G47060
AT2G07646	AT3G20050	AT4G11080	AT2G32090	AT4G18530	AT2G47130
AT2G07672	AT3G20440	AT4G11550	AT2G32440	AT4G18640	AT2G47180
AT2G07721	AT3G20760	AT4G12330	AT2G32770	AT4G18650	AT2G47190
AT2G09990	AT3G20850	AT4G12420	AT2G32870	AT4G18692	AT2G47350
AT2G11035	AT3G21351	AT4G12440	AT2G32900	AT4G18970	AT2G47410
AT2G11890	AT3G22110	AT4G13690	AT2G32970	AT4G19190	AT2G47730
AT2G13540	AT3G22120	AT4G14120	AT2G32980	AT4G19485	AT2G47820
AT2G14460	AT3G22142	AT4G14180	AT2G33310	AT4G19640	AT2G48010
AT2G14860	AT3G22190	AT4G14240	AT2G33570	AT4G19830	AT3G01210
AT2G15010	AT3G22690	AT4G14245	AT2G33630	AT4G19850	AT3G01430
AT2G15430	AT3G22780	AT4G14310	AT2G33740	AT4G20450	AT3G01500
AT2G15620	AT3G23390	AT4G14330	AT2G33810	AT4G20700	AT3G01640
AT2G15630	AT3G23780	AT4G14700	AT2G33990	AT4G21020	AT3G01700
AT2G15690	AT3G23830	AT4G14713	AT2G34010	AT4G21350	AT3G01830
AT2G15820	AT3G24120	AT4G14740	AT2G34060	AT4G21510	AT3G02140
AT2G15980	AT3G24360	AT4G14770	AT2G34585	AT4G21534	AT3G02160
AT2G16230	AT3G24510	AT4G14960	AT2G34690	AT4G21540	AT3G02480
AT2G16380	AT3G24515	AT4G15830	AT2G34710	AT4G21650	AT3G02840
AT2G16500	AT3G24830	AT4G15930	AT2G35680	AT4G21750	AT3G02875
AT2G16570	AT3G25040	AT4G16120	AT2G35820	AT4G22260	AT3G02880
AT2G16770	AT3G25220	AT4G16340	AT2G35830	AT4G22490	AT3G03020
AT2G16860	AT3G25470	AT4G16450	AT2G35860	AT4G22600	AT3G03140
AT2G16920	AT3G25920	AT4G16610	AT2G35990	AT4G22680	AT3G03200
AT2G17130	AT3G25970	AT4G16650	AT2G36050	AT4G22880	AT3G03280
AT2G17190	AT3G26270	AT4G17040	AT2G36130	AT4G22940	AT3G03440
AT2G17250	AT3G26539	AT4G17050	AT2G36360	AT4G23140	AT3G03740
AT2G17410	AT3G26540	AT4G17150	AT2G36410	AT4G23200	AT3G03750
AT2G17525	AT3G26770	AT4G17380	AT2G36420	AT4G23590	AT3G04090
AT2G17580	AT3G26790	AT4G17560	AT2G36430	AT4G23670	AT3G04240
AT2G17670	AT3G27180	AT4G17670	AT2G36490	AT4G23900	AT3G04440
AT2G17720	AT3G27230	AT4G17760	AT2G36695	AT4G24030	AT3G04640
AT2G17790	AT3G27380	AT4G17770	AT2G36810	AT4G24070	AT3G05035
AT2G17820	AT3G27430	AT4G18060	AT2G36815	AT4G24230	AT3G05200
AT2G18000	AT3G27820	AT4G18220	AT2G36900	AT4G24250	AT3G05500
AT2G18020	AT3G27890	AT4G18370	AT2G37170	AT4G24275	AT3G05545
AT2G18040	AT3G28460	AT4G18501	AT2G37200	AT4G24480	AT3G05580
AT2G18110	AT3G28635	AT4G18570	AT2G37260	AT4G24990	AT3G05620
AT2G18220	AT3G29375	AT4G18630	AT2G37290	AT4G25830	AT3G06020
AT2G18245	AT3G29690	AT4G18670	AT2G37330	AT4G26080	AT3G06070
AT2G18330	AT3G30300	AT4G18760	AT2G37460	AT4G26220	AT3G06490
AT2G18410	AT3G32040	AT4G18930	AT2G37630	AT4G26540	AT3G06760
AT2G18520	AT3G42670	AT4G19590	AT2G37840	AT4G26560	AT3G07090
AT2G18760	AT3G43520	AT4G19865	AT2G38195	AT4G26880	AT3G07273
AT2G18900	AT3G43600	AT4G19890	AT2G38220	AT4G27260	AT3G07370
AT2G19080	AT3G43800	AT4G20140	AT2G38400	AT4G27450	AT3G07565
AT2G19120	AT3G43810	AT4G20150	AT2G38800	AT4G27570	AT3G08505
AT2G19130	AT3G44010	AT4G20270	AT2G38820	AT4G27670	AT3G08710
AT2G19190	AT3G44330	AT4G20940	AT2G39000	AT4G27845	AT3G08720
AT2G19380	AT3G44600	AT4G21280	AT2G39010	AT4G27890	AT3G08760
AT2G19385	AT3G44713	AT4G21340	AT2G39570	AT4G27990	AT3G08910
AT2G19470	AT3G45030	AT4G21550	AT2G40100	AT4G28500	AT3G08990
AT2G19490	AT3G45230	AT4G21820	AT2G40110	AT4G28556	AT3G09032
AT2G19540	AT3G46100	AT4G22130	AT2G40130	AT4G28640	AT3G09350
AT2G19670	AT3G46430	AT4G22460	AT2G40420	AT4G29030	AT3G09440
AT2G19730	AT3G46680	AT4G22756	AT2G40610	AT4G30280	AT3G09560
AT2G19740	AT3G46990	AT4G23160	AT2G40900	AT4G30380	AT3G09830
AT2G19750	AT3G47200	AT4G23710	AT2G41060	AT4G30450	AT3G09910
AT2G19850	AT3G47840	AT4G23720	AT2G41170	AT4G30630	AT3G09920
AT2G19870	AT3G47930	AT4G23800	AT2G41190	AT4G31140	AT3G09940
AT2G20020	AT3G48100	AT4G23860	AT2G41250	AT4G31510	AT3G09950
AT2G20140	AT3G48170	AT4G24550	AT2G41330	AT4G31805	AT3G09960
AT2G20280	AT3G48430	AT4G24610	AT2G41370	AT4G31830	AT3G09970
AT2G20450	AT3G49120	AT4G24710	AT2G41530	AT4G31875	AT3G10300
AT2G20490	AT3G49142	AT4G24780	AT2G41710	AT4G32080	AT3G10390
AT2G20585	AT3G49250	AT4G25240	AT2G41740	AT4G32160	AT3G10470
AT2G20610	AT3G49725	AT4G26510	AT2G41905	AT4G32280	AT3G10540
AT2G20690	AT3G50300	AT4G26620	AT2G42040	AT4G32320	AT3G10570
AT2G20710	AT3G50670	AT4G26660	AT2G42380	AT4G32440	AT3G10640
AT2G20825	AT3G51010	AT4G26760	AT2G42465	AT4G32460	AT3G10750
AT2G20850	AT3G51140	AT4G26960	AT2G42590	AT4G33240	AT3G10800
AT2G20970	AT3G51260	AT4G27060	AT2G42600	AT4G33460	AT3G10815
AT2G21090	AT3G51270	AT4G27180	AT2G42690	AT4G33467	AT3G10915
AT2G21160	AT3G51960	AT4G27230	AT2G42730	AT4G33490	AT3G10930
AT2G21270	AT3G52090	AT4G27240	AT2G42750	AT4G34610	AT3G10986
AT2G21280	AT3G52160	AT4G27510	AT2G42850	AT4G34690	AT3G11020
AT2G21350	AT3G52170	AT4G28005	AT2G42890	AT4G35010	AT3G11170
AT2G21385	AT3G52490	AT4G28220	AT2G42920	AT4G35655	AT3G11260
AT2G21440	AT3G52590	AT4G28230	AT2G43010	AT4G35860	AT3G11340
AT2G21580	AT3G52730	AT4G28310	AT2G43050	AT4G35940	AT3G11820
AT2G22100	AT3G52930	AT4G28560	AT2G43080	AT4G35970	AT3G11840
AT2G22121	AT3G52960	AT4G29100	AT2G43160	AT4G36060	AT3G11860
AT2G22250	AT3G52990	AT4G30000	AT2G43290	AT4G36210	AT3G11900
AT2G22410	AT3G53320	AT4G30640	AT2G43400	AT4G36350	AT3G12145
AT2G22420	AT3G53350	AT4G30860	AT2G43430	AT4G36540	AT3G12400
AT2G22650	AT3G53460	AT4G30950	AT2G43680	AT4G36790	AT3G12460
AT2G23000	AT3G53500	AT4G31040	AT2G43930	AT4G36800	AT3G12510
AT2G23093	AT3G53580	AT4G31050	AT2G44140	AT4G37010	AT3G12580
AT2G23470	AT3G53630	AT4G31060	AT2G44730	AT4G37220	AT3G12740
AT2G23890	AT3G53740	AT4G31460	AT2G44735	AT4G37480	AT3G12840
AT2G24050	AT3G54010	AT4G31730	AT2G44740	AT4G37610	AT3G13020
AT2G24120	AT3G54470	AT4G32210	AT2G44850	AT4G37720	AT3G13050
AT2G24570	AT3G54670	AT4G32330	AT2G44900	AT4G37760	AT3G13100
AT2G24590	AT3G54910	AT4G32570	AT2G45380	AT4G38030	AT3G13110
AT2G24690	AT3G55440	AT4G32580	AT2G45510	AT4G38140	AT3G13275
AT2G24990	AT3G55780	AT4G32710	AT2G45620	AT4G38230	AT3G13430
AT2G25100	AT3G56010	AT4G32840	AT2G45630	AT4G38360	AT3G13600
AT2G25110	AT3G56020	AT4G32910	AT2G45650	AT4G38775	AT3G13620
AT2G25180	AT3G56300	AT4G33200	AT2G45660	AT4G38860	AT3G13870
AT2G25355	AT3G56320	AT4G33380	AT2G45670	AT4G39330	AT3G13910
AT2G25580	AT3G56430	AT4G33410	AT2G45980	AT4G39480	AT3G14070
AT2G25640	AT3G56490	AT4G33470	AT2G46030	AT4G39910	AT3G14075
AT2G25670	AT3G56550	AT4G34110	AT2G46220	AT5G01075	AT3G14090
AT2G25720	AT3G56720	AT4G34160	AT2G46480	AT5G01280	AT3G14260
AT2G25770	AT3G56870	AT4G34215	AT2G46570	AT5G01320	AT3G14620
AT2G25830	AT3G56900	AT4G34220	AT2G46640	AT5G01480	AT3G15040
AT2G25870	AT3G57130	AT4G34450	AT2G46900	AT5G01580	AT3G15115
AT2G26140	AT3G57350	AT4G34490	AT2G47400	AT5G01670	AT3G15210
AT2G26290	AT3G57890	AT4G34750	AT2G47420	AT5G01690	AT3G15240
AT2G26440	AT3G58140	AT4G34980	AT2G47700	AT5G01895	AT3G15356
AT2G26460	AT3G58200	AT4G35335	AT3G01260	AT5G02020	AT3G15518
AT2G26740	AT3G58210	AT4G35620	AT3G01520	AT5G02390	AT3G15670
AT2G26790	AT3G58470	AT4G35800	AT3G01590	AT5G02910	AT3G15760
AT2G26990	AT3G58610	AT4G36080	AT3G01690	AT5G03120	AT3G15770
AT2G27100	AT3G58820	AT4G36105	AT3G01770	AT5G03350	AT3G15800
AT2G27450	AT3G58940	AT4G36180	AT3G01880	AT5G03510	AT3G16150
AT2G27510	AT3G59340	AT4G36195	AT3G02110	AT5G03545	AT3G16510
AT2G27530	AT3G59400	AT4G36270	AT3G02250	AT5G03560	AT3G16720
AT2G27590	AT3G59540	AT4G36860	AT3G02300	AT5G03620	AT3G16800
AT2G27710	AT3G59650	AT4G37080	AT3G02340	AT5G03640	AT3G16860
AT2G27775	AT3G60210	AT4G37100	AT3G02370	AT5G03795	AT3G17250
AT2G27820	AT3G60245	AT4G37490	AT3G02390	AT5G04010	AT3G17690
AT2G27840	AT3G60380	AT4G37550	AT3G02493	AT5G04040	AT3G17710
AT2G28000	AT3G60660	AT4G37650	AT3G02690	AT5G04120	AT3G17717
AT2G28230	AT3G60820	AT4G37750	AT3G03330	AT5G04140	AT3G17770
AT2G28320	AT3G61113	AT4G37830	AT3G03380	AT5G04267	AT3G17800
AT2G28520	AT3G61170	AT4G38330	AT3G03700	AT5G04500	AT3G18180
AT2G28600	AT3G61780	AT4G38430	AT3G03820	AT5G04680	AT3G18282
AT2G28690	AT3G61990	AT4G38490	AT3G03840	AT5G04690	AT3G18670
AT2G28710	AT3G62120	AT4G38510	AT3G04290	AT5G04730	AT3G18690
AT2G28960	AT3G62270	AT4G38600	AT3G04350	AT5G05100	AT3G18915
AT2G29080	AT3G62360	AT4G38680	AT3G04360	AT5G05220	AT3G18950
AT2G29200	AT3G62400	AT4G38760	AT3G04730	AT5G05290	AT3G19010
AT2G29350	AT3G62810	AT4G39770	AT3G04810	AT5G05530	AT3G19150
AT2G29540	AT3G62830	AT5G01020	AT3G04860	AT5G05735	AT3G19240
AT2G29580	AT3G62840	AT5G01170	AT3G04880	AT5G06520	AT3G19470
AT2G29690	AT3G62890	AT5G01620	AT3G04890	AT5G06905	AT3G19580
AT2G29760	AT3G62910	AT5G01660	AT3G04900	AT5G07165	AT3G19830
AT2G30150	AT3G66658	AT5G02010	AT3G04910	AT5G07230	AT3G19970
AT2G30260	AT4G00100	AT5G02350	AT3G04930	AT5G07520	AT3G20040
AT2G30930	AT4G00210	AT5G02770	AT3G04940	AT5G07890	AT3G20170
AT2G31060	AT4G00340	AT5G03060	AT3G05150	AT5G08410	AT3G20600
AT2G31083	AT4G00490	AT5G03140	AT3G05160	AT5G09440	AT3G20890
AT2G31140	AT4G00810	AT5G03660	AT3G05165	AT5G09930	AT3G21070
AT2G31240	AT4G01023	AT5G04060	AT3G05640	AT5G09976	AT3G21220
AT2G31340	AT4G01040	AT5G04290	AT3G05760	AT5G10100	AT3G21230
AT2G31360	AT4G01080	AT5G05010	AT3G05800	AT5G10180	AT3G21520
AT2G31380	AT4G01180	AT5G05060	AT3G05900	AT5G10740	AT3G21700
AT2G31390	AT4G01310	AT5G05890	AT3G05920	AT5G11700	AT3G21800
AT2G31400	AT4G02180	AT5G06150	AT3G06150	AT5G11840	AT3G21810
AT2G31410	AT4G02230	AT5G06940	AT3G06170	AT5G11960	AT3G22260
AT2G31530	AT4G02450	AT5G07120	AT3G06290	AT5G11990	AT3G22275
AT2G31570	AT4G02620	AT5G07571	AT3G06380	AT5G12310	AT3G22840
AT2G31610	AT4G02670	AT5G07572	AT3G06550	AT5G12390	AT3G22890
AT2G31740	AT4G02840	AT5G07590	AT3G06620	AT5G13240	AT3G22910
AT2G31830	AT4G03292	AT5G07630	AT3G06840	AT5G13295	AT3G23170
AT2G31840	AT4G03610	AT5G07810	AT3G06850	AT5G13410	AT3G23230
AT2G32060	AT4G03620	AT5G08020	AT3G06868	AT5G13670	AT3G23240
AT2G32220	AT4G04500	AT5G08480	AT3G07010	AT5G13990	AT3G23250
AT2G32380	AT4G04745	AT5G08530	AT3G07020	AT5G14510	AT3G23400
AT2G32415	AT4G04950	AT5G08540	AT3G07310	AT5G14602	AT3G23550
AT2G32430	AT4G05040	AT5G08670	AT3G07425	AT5G14720	AT3G24180
AT2G32600	AT4G05210	AT5G08690	AT3G07870	AT5G14940	AT3G24210
AT2G32720	AT4G05530	AT5G09460	AT3G08510	AT5G15150	AT3G24350
AT2G32890	AT4G08310	AT5G10020	AT3G08890	AT5G15580	AT3G24500
AT2G32910	AT4G08520	AT5G10080	AT3G09320	AT5G15660	AT3G24890
AT2G33020	AT4G08570	AT5G10390	AT3G09470	AT5G16410	AT3G25230
AT2G33360	AT4G09010	AT5G10480	AT3G09710	AT5G17430	AT3G25570
AT2G33370	AT4G09120	AT5G10530	AT3G10030	AT5G17600	AT3G25573
AT2G33600	AT4G09320	AT5G10560	AT3G10200	AT5G18970	AT3G25600
AT2G33730	AT4G09550	AT5G10570	AT3G10550	AT5G19430	AT3G25620
AT2G33840	AT4G09800	AT5G10870	AT3G10572	AT5G20165	AT3G25740
AT2G33845	AT4G09900	AT5G11040	AT3G10740	AT5G20580	AT3G25760
AT2G33847	AT4G10280	AT5G11550	AT3G10760	AT5G20790	AT3G25770
AT2G34040	AT4G10890	AT5G11690	AT3G10770	AT5G22310	AT3G25780
AT2G34050	AT4G11010	AT5G11890	AT3G11080	AT5G22545	AT3G25855
AT2G34100	AT4G11720	AT5G11980	AT3G11100	AT5G22608	AT3G25882
AT2G34160	AT4G12470	AT5G12150	AT3G11240	AT5G22870	AT3G26680
AT2G34260	AT4G12490	AT5G12370	AT3G11370	AT5G23350	AT3G26840
AT2G34357	AT4G12530	AT5G12440	AT3G11410	AT5G23360	AT3G26980
AT2G34430	AT4G12620	AT5G12470	AT3G11730	AT5G23590	AT3G27540
AT2G34460	AT4G12700	AT5G12920	AT3G11750	AT5G23750	AT3G28180
AT2G34520	AT4G12870	AT5G12970	AT3G11770	AT5G24318	AT3G28340
AT2G34570	AT4G13170	AT5G13060	AT3G11810	AT5G24352	AT3G28540
AT2G34650	AT4G13540	AT5G13290	AT3G12110	AT5G24470	AT3G28570
AT2G34780	AT4G13615	AT5G13300	AT3G12150	AT5G24530	AT3G28600
AT2G34830	AT4G14103	AT5G13690	AT3G12160	AT5G24580	AT3G28740
AT2G34900	AT4G14210	AT5G13770	AT3G12345	AT5G24910	AT3G29000
AT2G34970	AT4G14320	AT5G13980	AT3G12610	AT5G27200	AT3G29170
AT2G35030	AT4G14400	AT5G14060	AT3G12630	AT5G27840	AT3G43240
AT2G35040	AT4G14510	AT5G14160	AT3G12640	AT5G27890	AT3G43250
AT2G35240	AT4G14550	AT5G14170	AT3G12760	AT5G28050	AT3G43270
AT2G35520	AT4G15720	AT5G14430	AT3G12830	AT5G28910	AT3G43430
AT2G35605	AT4G15900	AT5G15470	AT3G13062	AT5G29560	AT3G44190
AT2G35720	AT4G16050	AT5G15620	AT3G13450	AT5G32470	AT3G44260
AT2G35770	AT4G16090	AT5G15800	AT3G13720	AT5G33406	AT3G44320
AT2G35790	AT4G16155	AT5G16030	AT3G13750	AT5G35460	AT3G44326
AT2G35910	AT4G16265	AT5G16280	AT3G14000	AT5G35525	AT3G44400
AT2G35935	AT4G16370	AT5G16390	AT3G14010	AT5G35670	AT3G44435
AT2G35950	AT4G16447	AT5G16710	AT3G14150	AT5G36100	AT3G44630
AT2G35970	AT4G16555	AT5G16720	AT3G14270	AT5G37055	AT3G44760
AT2G36070	AT4G16620	AT5G17160	AT3G14350	AT5G37180	AT3G44860
AT2G36080	AT4G16835	AT5G17165	AT3G14370	AT5G37300	AT3G44870
AT2G36160	AT4G17180	AT5G17340	AT3G14640	AT5G37478	AT3G45040
AT2G36170	AT4G17480	AT5G17670	AT3G15070	AT5G37550	AT3G46090
AT2G36180	AT4G17510	AT5G18230	AT3G15160	AT5G37930	AT3G46160
AT2G36210	AT4G17520	AT5G18660	AT3G15250	AT5G37970	AT3G46620
AT2G36250	AT4G18100	AT5G18680	AT3G15290	AT5G38070	AT3G46660
AT2G36290	AT4G18215	AT5G18700	AT3G15470	AT5G38770	AT3G46930
AT2G36295	AT4G18270	AT5G19060	AT3G15510	AT5G38850	AT3G47180
AT2G36540	AT4G18480	AT5G19090	AT3G15630	AT5G38895	AT3G47540
AT2G36620	AT4G18730	AT5G19190	AT3G15900	AT5G39000	AT3G47550
AT2G36880	AT4G18750	AT5G19350	AT3G16250	AT5G40420	AT3G47700
AT2G36930	AT4G19925	AT5G19390	AT3G16370	AT5G40680	AT3G47820
AT2G36950	AT4G19970	AT5G19770	AT3G16600	AT5G40890	AT3G47960
AT2G36970	AT4G20130	AT5G19780	AT3G16640	AT5G41070	AT3G48070
AT2G37190	AT4G20160	AT5G20570	AT3G16770	AT5G41290	AT3G48450
AT2G37195	AT4G20340	AT5G20640	AT3G16850	AT5G41440	AT3G48520
AT2G37230	AT4G20360	AT5G20660	AT3G17020	AT5G41470	AT3G49160
AT2G37250	AT4G20770	AT5G22070	AT3G17100	AT5G41540	AT3G49380
AT2G37270	AT4G20900	AT5G22090	AT3G17340	AT5G41830	AT3G49690
AT2G37310	AT4G21105	AT5G22340	AT3G17440	AT5G41900	AT3G49810
AT2G37400	AT4G21150	AT5G22740	AT3G17470	AT5G42223	AT3G50060
AT2G37600	AT4G21585	AT5G22880	AT3G17510	AT5G42250	AT3G50260
AT2G37680	AT4G21670	AT5G23400	AT3G17650	AT5G43030	AT3G50310
AT2G37690	AT4G21770	AT5G23420	AT3G18080	AT5G43150	AT3G50760
AT2G37760	AT4G22000	AT5G23780	AT3G18200	AT5G43240	AT3G50800
AT2G37890	AT4G22105	AT5G23920	AT3G18330	AT5G43390	AT3G50890
AT2G37975	AT4G22110	AT5G24330	AT3G18370	AT5G43480	AT3G50910
AT2G37990	AT4G22300	AT5G25100	AT3G18710	AT5G44270	AT3G50930
AT2G38060	AT4G22310	AT5G25150	AT3G18780	AT5G44578	AT3G50950
AT2G38270	AT4G22770	AT5G25380	AT3G19340	AT5G44580	AT3G50970
AT2G38280	AT4G22930	AT5G25580	AT3G19350	AT5G44610	AT3G51450
AT2G38370	AT4G23110	AT5G26310	AT3G19860	AT5G44690	AT3G51660
AT2G38450	AT4G23760	AT5G26570	AT3G19960	AT5G45130	AT3G51810
AT2G38580	AT4G23770	AT5G26790	AT3G20250	AT5G45540	AT3G51895
AT2G38660	AT4G23940	AT5G26850	AT3G20460	AT5G45840	AT3G51940
AT2G38700	AT4G23990	AT5G26910	AT3G20470	AT5G45920	AT3G52220
AT2G38730	AT4G24320	AT5G27550	AT3G20770	AT5G46410	AT3G52400
AT2G38770	AT4G24620	AT5G27560	AT3G20820	AT5G46530	AT3G52430
AT2G38860	AT4G24750	AT5G27580	AT3G20830	AT5G46690	AT3G52450
AT2G38905	AT4G24770	AT5G27980	AT3G21250	AT5G46871	AT3G52520
AT2G38950	AT4G24890	AT5G28900	AT3G21260	AT5G46950	AT3G52870
AT2G39040	AT4G25010	AT5G35630	AT3G21710	AT5G47240	AT3G53232
AT2G39120	AT4G25600	AT5G35926	AT3G21870	AT5G47450	AT3G53830
AT2G39230	AT4G25710	AT5G36180	AT3G21950	AT5G48050	AT3G53960
AT2G39290	AT4G25740	AT5G36230	AT3G22380	AT5G48060	AT3G54020
AT2G39380	AT4G25890	AT5G37010	AT3G22460	AT5G48190	AT3G54030
AT2G39390	AT4G26300	AT5G37020	AT3G22540	AT5G48690	AT3G54040
AT2G39500	AT4G26670	AT5G37630	AT3G22550	AT5G48790	AT3G54120
AT2G39518	AT4G26840	AT5G38110	AT3G23000	AT5G49450	AT3G54130
AT2G39530	AT4G26900	AT5G38360	AT3G23050	AT5G50915	AT3G54620
AT2G39700	AT4G27090	AT5G38386	AT3G23090	AT5G51170	AT3G55050
AT2G39710	AT4G27640	AT5G39330	AT3G23255	AT5G51470	AT3G55270
AT2G39795	AT4G27900	AT5G39830	AT3G23340	AT5G51950	AT3G55390
AT2G39960	AT4G28070	AT5G40030	AT3G23430	AT5G52000	AT3G55430
AT2G39970	AT4G28080	AT5G40150	AT3G23450	AT5G52300	AT3G55470
AT2G39990	AT4G28360	AT5G40820	AT3G23610	AT5G52310	AT3G55600
AT2G40190	AT4G28440	AT5G40830	AT3G23630	AT5G53360	AT3G55640
AT2G40200	AT4G28470	AT5G40950	AT3G23635	AT5G53950	AT3G55720
AT2G40240	AT4G28510	AT5G41140	AT3G23640	AT5G54370	AT3G55840
AT2G40290	AT4G28580	AT5G41210	AT3G23840	AT5G54730	AT3G55910
AT2G40360	AT4G29060	AT5G41620	AT3G24070	AT5G55000	AT3G55940
AT2G40390	AT4G29480	AT5G41820	AT3G24315	AT5G55700	AT3G55950
AT2G40430	AT4G29680	AT5G42040	AT3G24450	AT5G55950	AT3G55980
AT2G40520	AT4G29730	AT5G42100	AT3G24520	AT5G56100	AT3G56400
AT2G40540	AT4G29735	AT5G42190	AT3G24715	AT5G56180	AT3G56740
AT2G40570	AT4G29870	AT5G42660	AT3G24740	AT5G56210	AT3G57120
AT2G40590	AT4G30220	AT5G42920	AT3G25240	AT5G56520	AT3G57450
AT2G40650	AT4G30480	AT5G43080	AT3G25670	AT5G56540	AT3G57460
AT2G40660	AT4G30620	AT5G43155	AT3G25690	AT5G56840	AT3G57640
AT2G40670	AT4G30700	AT5G43160	AT3G25717	AT5G57040	AT3G57730
AT2G40690	AT4G31070	AT5G43500	AT3G25910	AT5G57050	AT3G57740
AT2G40700	AT4G31120	AT5G43710	AT3G25930	AT5G57550	AT3G57750
AT2G40720	AT4G31180	AT5G43750	AT3G26100	AT5G57565	AT3G57760
AT2G40950	AT4G31300	AT5G43990	AT3G26110	AT5G57660	AT3G57810
AT2G41650	AT4G31350	AT5G45115	AT3G26300	AT5G57760	AT3G57880
AT2G41670	AT4G31360	AT5G45170	AT3G26310	AT5G57900	AT3G58270
AT2G41750	AT4G31580	AT5G45850	AT3G26380	AT5G58080	AT3G58600
AT2G41780	AT4G31810	AT5G46140	AT3G26395	AT5G58180	AT3G58790
AT2G41950	AT4G31890	AT5G46270	AT3G26490	AT5G59030	AT3G59080
AT2G42060	AT4G31920	AT5G46570	AT3G26510	AT5G59120	AT3G59210
AT2G42065	AT4G31990	AT5G47030	AT3G26720	AT5G59130	AT3G59350
AT2G42130	AT4G32250	AT5G47160	AT3G26890	AT5G59290	AT3G59520
AT2G42140	AT4G32360	AT5G47490	AT3G26900	AT5G59310	AT3G59530
AT2G42280	AT4G33170	AT5G47750	AT3G26932	AT5G60010	AT3G59710
AT2G42395	AT4G33250	AT5G47780	AT3G26950	AT5G60110	AT3G59740
AT2G42520	AT4G33480	AT5G47810	AT3G27025	AT5G60265	AT3G60110
AT2G42640	AT4G33700	AT5G47820	AT3G27415	AT5G60350	AT3G60450
AT2G42680	AT4G33720	AT5G47890	AT3G27420	AT5G60490	AT3G60810
AT2G42710	AT4G33865	AT5G48360	AT3G27440	AT5G60660	AT3G61190
AT2G42740	AT4G34265	AT5G48520	AT3G27960	AT5G60810	AT3G61800
AT2G42865	AT4G34270	AT5G48600	AT3G28050	AT5G60830	AT3G61980
AT2G43090	AT4G34300	AT5G48810	AT3G28320	AT5G60910	AT3G62260
AT2G43110	AT4G34419	AT5G49010	AT3G28420	AT5G61050	AT3G62720
AT2G43130	AT4G34670	AT5G49215	AT3G28455	AT5G61290	AT3G62770
AT2G43190	AT4G34870	AT5G49945	AT3G28710	AT5G61380	AT3G63050
AT2G43235	AT4G34960	AT5G50060	AT3G28715	AT5G61530	AT3G63060
AT2G43270	AT4G35660	AT5G50180	AT3G28840	AT5G62470	AT3G63070
AT2G43280	AT4G35850	AT5G50420	AT3G28857	AT5G62960	AT3G63310
AT2G43360	AT4G35905	AT5G51310	AT3G28910	AT5G63020	AT3G63440
AT2G43420	AT4G36290	AT5G51350	AT3G29180	AT5G63070	AT4G00300
AT2G43510	AT4G37320	AT5G51545	AT3G29370	AT5G63240	AT4G00970
AT2G43650	AT4G37520	AT5G51560	AT3G29390	AT5G63350	AT4G01010
AT2G43660	AT4G37560	AT5G51820	AT3G29410	AT5G63905	AT4G01250
AT2G43710	AT4G37660	AT5G51930	AT3G29631	AT5G64190	AT4G01360
AT2G43760	AT4G38120	AT5G52220	AT3G29780	AT5G64260	AT4G01410
AT2G43770	AT4G38270	AT5G52290	AT3G30305	AT5G64330	AT4G01540
AT2G43780	AT4G38660	AT5G52800	AT3G30530	AT5G64667	AT4G01550
AT2G43810	AT4G38870	AT5G52920	AT3G30720	AT5G64770	AT4G01850
AT2G43840	AT4G39040	AT5G53140	AT3G33520	AT5G64880	AT4G01870
AT2G43865	AT4G39150	AT5G53170	AT3G42630	AT5G64930	AT4G02195
AT2G44010	AT4G39200	AT5G53740	AT3G42800	AT5G65207	AT4G02200
AT2G44020	AT4G39260	AT5G53860	AT3G43790	AT5G66020	AT4G02350
AT2G44120	AT4G39280	AT5G54440	AT3G43850	AT5G66300	AT4G02550
AT2G44160	AT4G39320	AT5G54600	AT3G44610	AT5G67030	AT4G03410
AT2G44270	AT4G39510	AT5G55160	AT3G45160	AT5G67140	AT4G03430
AT2G44350	AT4G39590	AT5G55230	AT3G45300	AT5G67230	AT4G03510
AT2G44370	AT4G39680	AT5G55380	AT3G45443	AT5G67550	AT4G04020
AT2G44440	AT4G39790	AT5G55480	AT3G45540	ATCG00440	AT4G04710
AT2G44470	AT4G40030	AT5G55520	AT3G45770	ATCG00510	AT4G04840
AT2G44510	AT5G01230	AT5G55590	AT3G45780	ATCG00530	AT4G05010
AT2G44520	AT5G01650	AT5G55940	AT3G46060	ATCG00700	AT4G05100
AT2G44860	AT5G01770	AT5G57370	AT3G46170	ATCG00760	AT4G05110
AT2G44980	AT5G02080	AT5G57620	AT3G46200	ATCG01100	AT4G05120
AT2G45000	AT5G02240	AT5G57700	AT3G47000	ATMG00050	AT4G05460
AT2G45030	AT5G02380	AT5G57850	AT3G47250	ATMG00300	AT4G08170
AT2G45070	AT5G02400	AT5G58030	AT3G47470	ATMG00320	AT4G08180
AT2G45150	AT5G02520	AT5G58090	AT3G47500	ATMG00470	AT4G08500
AT2G45220	AT5G02740	AT5G58240	AT3G47610	ATMG00600	AT4G09570
AT2G45240	AT5G02960	AT5G58300	AT3G47620	ATMG00770	AT4G10490
AT2G45270	AT5G03495	AT5G58480	AT3G48195	ATMG00810	AT4G10610
AT2G45290	AT5G03790	AT5G58490	AT3G48200	ATMG00840	AT4G11220
AT2G45300	AT5G03800	AT5G58970	AT3G48260	ATMG00940	AT4G11280
AT2G45360	AT5G04710	AT5G59020	AT3G48530	ATMG01150	AT4G11655
AT2G45440	AT5G04780	AT5G59250	AT3G48550	ATMG01410	AT4G12000
AT2G45520	AT5G04790	AT5G59410	AT3G48610		AT4G12005
AT2G45695	AT5G04940	AT5G59613	AT3G48680		AT4G12070
AT2G45710	AT5G05000	AT5G59870	AT3G48720		AT4G12400
AT2G45730	AT5G05500	AT5G59880	AT3G48740		AT4G12450
AT2G45800	AT5G05580	AT5G59890	AT3G48750		AT4G12720
AT2G45860	AT5G05610	AT5G59970	AT3G48970		AT4G12790
AT2G46230	AT5G05620	AT5G60120	AT3G48980		AT4G13010
AT2G46450	AT5G05770	AT5G60450	AT3G49220		AT4G13110
AT2G46494	AT5G05840	AT5G60840	AT3G49310		AT4G13395
AT2G46495	AT5G06050	AT5G60980	AT3G49350		AT4G13870
AT2G46930	AT5G06250	AT5G61000	AT3G49360		AT4G14365
AT2G47090	AT5G06910	AT5G61070	AT3G49590		AT4G14368
AT2G47110	AT5G07040	AT5G61480	AT3G49630		AT4G14370
AT2G47250	AT5G07050	AT5G61660	AT3G49750		AT4G14680
AT2G47310	AT5G07140	AT5G62700	AT3G49790		AT4G15100
AT2G47470	AT5G07190	AT5G62790	AT3G49800		AT4G15130
AT2G47510	AT5G07200	AT5G62890	AT3G49870		AT4G15140
AT2G47540	AT5G08040	AT5G62940	AT3G49880		AT4G15260
AT2G47610	AT5G08060	AT5G63510	AT3G49930		AT4G15280
AT2G47620	AT5G08305	AT5G63540	AT3G50000		AT4G15330
AT2G47630	AT5G08450	AT5G63710	AT3G50120		AT4G15340
AT2G47650	AT5G08490	AT5G63810	AT3G50430		AT4G15350
AT2G47790	AT5G08570	AT5G64030	AT3G50500		AT4G15410
AT2G47990	AT5G08740	AT5G64350	AT3G50710		AT4G15480
AT2G48090	AT5G08780	AT5G64630	AT3G50830		AT4G15563
AT2G48121	AT5G09270	AT5G65350	AT3G51080		AT4G15740
AT3G01160	AT5G09600	AT5G65360	AT3G51150		AT4G15975
AT3G01435	AT5G09770	AT5G65400	AT3G51190		AT4G15990
AT3G01580	AT5G09780	AT5G65410	AT3G51520		AT4G16535
AT3G01610	AT5G09860	AT5G65700	AT3G51550		AT4G16760
AT3G01720	AT5G10220	AT5G65810	AT3G51730		AT4G16950
AT3G01800	AT5G10330	AT5G65930	AT3G51770		AT4G17090
AT3G02080	AT5G10350	AT5G65970	AT3G51830		AT4G17230
AT3G02190	AT5G10540	AT5G66460	AT3G51840		AT4G17250
AT3G02210	AT5G10620	AT5G66690	AT3G52370		AT4G17410
AT3G02220	AT5G10900	AT5G67150	AT3G52525		AT4G17490
AT3G02230	AT5G11180	AT5G67470	AT3G52720		AT4G17500
AT3G02242	AT5G11480		AT3G52840		AT4G17615
AT3G02320	AT5G11810		AT3G52900		AT4G17895
AT3G02420	AT5G11880		AT3G53100		AT4G18010
AT3G02470	AT5G12040		AT3G53280		AT4G18160
AT3G02490	AT5G12900		AT3G53420		AT4G18280
AT3G02520	AT5G13000		AT3G53530		AT4G18330
AT3G02530	AT5G13350		AT3G53610		AT4G18880
AT3G02560	AT5G13430		AT3G53950		AT4G18950
AT3G02600	AT5G13440		AT3G53990		AT4G19010
AT3G02650	AT5G13450		AT3G54360		AT4G19140
AT3G02680	AT5G13480		AT3G54363		AT4G19200
AT3G02710	AT5G13510		AT3G54690		AT4G19230
AT3G02760	AT5G13780		AT3G54860		AT4G19510
AT3G02780	AT5G13850		AT3G54880		AT4G19520
AT3G02790	AT5G14130		AT3G55020		AT4G19880
AT3G02910	AT5G14440		AT3G55030		AT4G20780
AT3G03060	AT5G14590		AT3G55140		AT4G20835
AT3G03110	AT5G14800		AT3G55530		AT4G21060
AT3G03305	AT5G14980		AT3G55610		AT4G21320
AT3G03420	AT5G15300		AT3G55770		AT4G21390
AT3G03460	AT5G15320		AT3G56140		AT4G21440
AT3G03560	AT5G15340		AT3G56190		AT4G21500
AT3G03600	AT5G15380		AT3G56240		AT4G21560
AT3G03640	AT5G15720		AT3G56250		AT4G21570
AT3G03780	AT5G16050		AT3G56460		AT4G21700
AT3G03920	AT5G16060		AT3G56680		AT4G21830
AT3G03950	AT5G16070		AT3G56800		AT4G21840
AT3G03960	AT5G16130		AT3G56810		AT4G21850
AT3G03980	AT5G16310		AT3G57170		AT4G21865
AT3G04070	AT5G16330		AT3G57300		AT4G21920
AT3G04230	AT5G16500		AT3G57320		AT4G22210
AT3G04480	AT5G16620		AT3G57400		AT4G22214
AT3G04590	AT5G16690		AT3G57410		AT4G22590
AT3G04600	AT5G16715		AT3G57470		AT4G22620
AT3G04680	AT5G17090		AT3G57520		AT4G22640
AT3G04770	AT5G17180		AT3G57540		AT4G22710
AT3G04780	AT5G17530		AT3G57800		AT4G22758
AT3G04790	AT5G17830		AT3G57920		AT4G22960
AT3G04800	AT5G18037		AT3G58370		AT4G23040
AT3G04820	AT5G18570		AT3G58670		AT4G23050
AT3G04840	AT5G18590		AT3G58850		AT4G23060
AT3G04920	AT5G18620		AT3G59010		AT4G23190
AT3G04950	AT5G18690		AT3G59060		AT4G23220
AT3G05020	AT5G18740		AT3G59070		AT4G23570
AT3G05040	AT5G18800		AT3G59090		AT4G23730
AT3G05060	AT5G19370		AT3G59320		AT4G23850
AT3G05130	AT5G19510		AT3G59330		AT4G23920
AT3G05280	AT5G19620		AT3G59360		AT4G24060
AT3G05560	AT5G19690		AT3G59940		AT4G24160
AT3G05770	AT5G19760		AT3G60030		AT4G24200
AT3G05780	AT5G19790		AT3G60130		AT4G24370
AT3G05810	AT5G19990		AT3G60250		AT4G24380
AT3G06040	AT5G20010		AT3G60300		AT4G24570
AT3G06120	AT5G20080		AT3G60340		AT4G24960
AT3G06200	AT5G20090		AT3G60530		AT4G25000
AT3G06310	AT5G20140		AT3G60600		AT4G25020
AT3G06320	AT5G20290		AT3G60650		AT4G25030
AT3G06350	AT5G20430		AT3G60850		AT4G25230
AT3G06480	AT5G20500		AT3G60961		AT4G25350
AT3G06530	AT5G20540		AT3G61010		AT4G25390
AT3G06610	AT5G20720		AT3G61060		AT4G25433
AT3G06660	AT5G20890		AT3G61200		AT4G25434
AT3G06680	AT5G21060		AT3G61260		AT4G25520
AT3G06710	AT5G21970		AT3G61550		AT4G25670
AT3G06730	AT5G22010		AT3G61830		AT4G25680
AT3G06790	AT5G22110		AT3G61860		AT4G26750
AT3G06860	AT5G22560		AT3G61900		AT4G27020
AT3G06920	AT5G22640		AT3G62040		AT4G27140
AT3G06930	AT5G22750		AT3G62080		AT4G27280
AT3G07050	AT5G22890		AT3G62290		AT4G27350
AT3G07110	AT5G23140		AT3G62630		AT4G27410
AT3G07120	AT5G23270		AT3G62750		AT4G27500
AT3G07230	AT5G23280		AT3G62760		AT4G27560
AT3G07290	AT5G23290		AT3G62980		AT4G27650
AT3G07300	AT5G23310		AT3G63200		AT4G27652
AT3G07430	AT5G23570		AT3G63260		AT4G27654
AT3G07590	AT5G23740		AT3G63280		AT4G27657
AT3G07630	AT5G24200		AT3G63300		AT4G27970
AT3G07680	AT5G24210		AT3G63390		AT4G28085
AT3G07750	AT5G24314		AT3G63470		AT4G28140
AT3G07770	AT5G24750		AT3G63520		AT4G28290
AT3G07860	AT5G24940		AT4G00030		AT4G28320
AT3G08560	AT5G24970		AT4G00050		AT4G28400
AT3G08620	AT5G25500		AT4G00330		AT4G28480
AT3G08630	AT5G25754		AT4G00355		AT4G28490
AT3G08640	AT5G26280		AT4G00400		AT4G28600
AT3G08800	AT5G26360		AT4G00730		AT4G28703
AT3G08810	AT5G26742		AT4G00752		AT4G29160
AT3G08950	AT5G26800		AT4G00780		AT4G29420
AT3G09090	AT5G27050		AT4G00910		AT4G29440
AT3G09200	AT5G27080		AT4G00953		AT4G29640
AT3G09270	AT5G27290		AT4G01120		AT4G29670
AT3G09330	AT5G27330		AT4G01330		AT4G29690
AT3G09630	AT5G27700		AT4G01440		AT4G29770
AT3G09680	AT5G27770		AT4G01595		AT4G29780
AT3G09700	AT5G27820		AT4G01680		AT4G29810
AT3G09720	AT5G27830		AT4G01940		AT4G29850
AT3G09810	AT5G27910		AT4G02290		AT4G29930
AT3G09890	AT5G27920		AT4G02420		AT4G30060
AT3G10010	AT5G27970		AT4G02430		AT4G30210
AT3G10050	AT5G28000		AT4G02440		AT4G30240
AT3G10060	AT5G28060		AT4G02640		AT4G30390
AT3G10090	AT5G28750		AT4G02700		AT4G30430
AT3G10110	AT5G28850		AT4G02725		AT4G30460
AT3G10350	AT5G30510		AT4G03030		AT4G30490
AT3G10370	AT5G35390		AT4G03070		AT4G30530
AT3G10530	AT5G35530		AT4G03110		AT4G30780
AT3G10650	AT5G35590		AT4G03115		AT4G30850
AT3G10840	AT5G36210		AT4G03190		AT4G31354
AT3G11200	AT5G36240		AT4G03200		AT4G31780
AT3G11270	AT5G36950		AT4G03330		AT4G31820
AT3G11400	AT5G37415		AT4G03420		AT4G31900
AT3G11510	AT5G37510		AT4G04040		AT4G31980
AT3G11710	AT5G37590		AT4G04340		AT4G32190
AT3G11740	AT5G37990		AT4G04630		AT4G32590
AT3G11964	AT5G38320		AT4G04750		AT4G32630
AT3G12130	AT5G38420		AT4G04890		AT4G32800
AT3G12180	AT5G38430		AT4G04925		AT4G33145
AT3G12270	AT5G38470		AT4G04972		AT4G33690
AT3G12340	AT5G38480		AT4G05060		AT4G33905
AT3G12370	AT5G38865		AT4G05070		AT4G33910
AT3G12520	AT5G38930		AT4G05150		AT4G33920
AT3G12550	AT5G39150		AT4G05631		AT4G33930
AT3G12650	AT5G39200		AT4G06534		AT4G33985
AT3G12670	AT5G39350		AT4G07995		AT4G34120
AT3G12680	AT5G39500		AT4G08290		AT4G34131
AT3G12700	AT5G39550		AT4G08300		AT4G34150
AT3G12730	AT5G39600		AT4G08930		AT4G34210
AT3G12770	AT5G39800		AT4G09760		AT4G34240
AT3G12800	AT5G39980		AT4G09830		AT4G34280
AT3G12860	AT5G40080		AT4G09890		AT4G34310
AT3G12915	AT5G40090		AT4G10080		AT4G34340
AT3G12920	AT5G40160		AT4G10100		AT4G34380
AT3G12930	AT5G40300		AT4G10150		AT4G34390
AT3G12990	AT5G40480		AT4G10160		AT4G34400
AT3G13000	AT5G40660		AT4G10770		AT4G34410
AT3G13150	AT5G40810		AT4G10955		AT4G34430
AT3G13160	AT5G40840		AT4G11110		AT4G34460
AT3G13190	AT5G40870		AT4G11240		AT4G34470
AT3G13210	AT5G41040		AT4G11250		AT4G35070
AT3G13226	AT5G41520		AT4G11310		AT4G35180
AT3G13230	AT5G41570		AT4G11320		AT4G35480
AT3G13235	AT5G41650		AT4G11830		AT4G35500
AT3G13280	AT5G41685		AT4G12510		AT4G35540
AT3G13350	AT5G41761		AT4G12520		AT4G35580
AT3G13380	AT5G41950		AT4G12560		AT4G35985
AT3G13432	AT5G41980		AT4G12690		AT4G35987
AT3G13445	AT5G42110		AT4G12880		AT4G36010
AT3G13490	AT5G42370		AT4G12890		AT4G36030
AT3G13570	AT5G42510		AT4G12980		AT4G36140
AT3G13580	AT5G42670		AT4G13030		AT4G36150
AT3G13610	AT5G42770		AT4G13450		AT4G36160
AT3G13677	AT5G42780		AT4G13670		AT4G36500
AT3G13682	AT5G42840		AT4G13790		AT4G36550
AT3G13700	AT5G43250		AT4G14010		AT4G36650
AT3G13730	AT5G43310		AT4G14100		AT4G36820
AT3G13790	AT5G44010		AT4G14130		AT4G36830
AT3G13860	AT5G44200		AT4G14250		AT4G36945
AT3G13898	AT5G44316		AT4G14270		AT4G36950
AT3G13940	AT5G45220		AT4G14380		AT4G36960
AT3G13950	AT5G45400		AT4G14385		AT4G37290
AT3G13990	AT5G46090		AT4G14440		AT4G37445
AT3G14160	AT5G46130		AT4G14500		AT4G37640
AT3G14400	AT5G46160		AT4G14650		AT4G37670
AT3G14580	AT5G46290		AT4G14695		AT4G37700
AT3G14610	AT5G46500		AT4G14750		AT4G37710
AT3G14900	AT5G47010		AT4G14819		AT4G37790
AT3G15000	AT5G47060		AT4G15475		AT4G37850
AT3G15080	AT5G47170		AT4G15540		AT4G37970
AT3G15090	AT5G47460		AT4G15545		AT4G38213
AT3G15140	AT5G47600		AT4G15780		AT4G38420
AT3G15357	AT5G47630		AT4G15960		AT4G38810
AT3G15390	AT5G47700		AT4G16130		AT4G38940
AT3G15460	AT5G47760		AT4G16190		AT4G38980
AT3G15590	AT5G48000		AT4G16280		AT4G39030
AT3G15720	AT5G48580		AT4G16330		AT4G39220
AT3G15850	AT5G48870		AT4G16420		AT4G39580
AT3G15950	AT5G48910		AT4G16515		AT4G39640
AT3G16010	AT5G49020		AT4G16520		AT4G39670
AT3G16080	AT5G49030		AT4G16920		AT4G39810
AT3G16100	AT5G49110		AT4G16980		AT4G39830
AT3G16110	AT5G49160		AT4G16983		AT4G39890
AT3G16320	AT5G49190		AT4G17030		AT4G40080
AT3G16340	AT5G49410		AT4G17370		AT5G01100
AT3G16480	AT5G49510		AT4G17460		AT5G01200
AT3G16650	AT5G50250		AT4G17790		AT5G01260
AT3G16780	AT5G50340		AT4G18150		AT5G01380
AT3G16810	AT5G50390		AT4G18380		AT5G01640
AT3G16840	AT5G50650		AT4G19060		AT5G01760
AT3G16890	AT5G50810		AT4G19380		AT5G01830
AT3G17030	AT5G50930		AT4G19420		AT5G01900
AT3G17040	AT5G51550		AT4G19500		AT5G02180
AT3G17170	AT5G51960		AT4G19860		AT5G02230
AT3G17240	AT5G52100		AT4G19975		AT5G02290
AT3G17465	AT5G52340		AT4G20070		AT5G02320
AT3G17630	AT5G52830		AT4G20110		AT5G02430
AT3G17820	AT5G52840		AT4G20230		AT5G03110
AT3G17890	AT5G52860		AT4G20240		AT5G03204
AT3G17910	AT5G52950		AT4G20410		AT5G03210
AT3G17970	AT5G53045		AT4G20820		AT5G03440
AT3G18020	AT5G53620		AT4G20870		AT5G03520
AT3G18130	AT5G53660		AT4G20880		AT5G03610
AT3G18165	AT5G53920		AT4G21200		AT5G03630
AT3G18210	AT5G54130		AT4G21250		AT5G03720
AT3G18240	AT5G54150		AT4G21450		AT5G03990
AT3G18250	AT5G54260		AT4G21620		AT5G04250
AT3G18280	AT5G54580		AT4G21740		AT5G04340
AT3G18480	AT5G54750		AT4G21745		AT5G04410
AT3G18580	AT5G54760		AT4G21760		AT5G04550
AT3G18600	AT5G54900		AT4G21890		AT5G04760
AT3G18610	AT5G55125		AT4G21960		AT5G05140
AT3G18640	AT5G55190		AT4G21980		AT5G05190
AT3G18740	AT5G55220		AT4G22160		AT5G05300
AT3G18760	AT5G55340		AT4G22200		AT5G05380
AT3G18790	AT5G55530		AT4G22250		AT5G05410
AT3G19020	AT5G55570		AT4G22360		AT5G05760
AT3G19080	AT5G55660		AT4G22750		AT5G05850
AT3G19210	AT5G55780		AT4G23000		AT5G06230
AT3G19250	AT5G55855		AT4G23020		AT5G06320
AT3G19360	AT5G56360		AT4G23400		AT5G06630
AT3G19440	AT5G56368		AT4G23496		AT5G06640
AT3G19490	AT5G56740		AT4G23500		AT5G06750
AT3G19510	AT5G56850		AT4G23790		AT5G06820
AT3G19540	AT5G56940		AT4G23820		AT5G06990
AT3G19595	AT5G57130		AT4G23890		AT5G07070
AT3G19650	AT5G57170		AT4G23895		AT5G07100
AT3G19740	AT5G57290		AT4G24180		AT5G07290
AT3G19850	AT5G57330		AT4G24520		AT5G07310
AT3G19930	AT5G57530		AT4G24630		AT5G07330
AT3G20000	AT5G57567		AT4G24670		AT5G07730
AT3G20020	AT5G57720		AT4G25080		AT5G07860
AT3G20240	AT5G57750		AT4G25420		AT5G07870
AT3G20330	AT5G57950		AT4G25570		AT5G08139
AT3G20370	AT5G58100		AT4G25580		AT5G08200
AT3G20430	AT5G58710		AT4G25940		AT5G08240
AT3G20500	AT5G58920		AT4G25960		AT5G08500
AT3G20540	AT5G58930		AT4G26260		AT5G08790
AT3G20740	AT5G59200		AT4G26320		AT5G09290
AT3G20780	AT5G59500		AT4G26710		AT5G09980
AT3G20800	AT5G59865		AT4G26860		AT5G10300
AT3G21080	AT5G59900		AT4G27000		AT5G10380
AT3G21110	AT5G59910		AT4G27100		AT5G10695
AT3G21140	AT5G59990		AT4G27130		AT5G10720
AT3G21175	AT5G60340		AT4G27170		AT5G10820
AT3G21200	AT5G60390		AT4G27320		AT5G11650
AT3G21300	AT5G60640		AT4G27430		AT5G11670
AT3G21352	AT5G60670		AT4G27610		AT5G11680
AT3G21465	AT5G60940		AT4G27710		AT5G11730
AT3G21470	AT5G61220		AT4G27740		AT5G11970
AT3G21480	AT5G61300		AT4G27745		AT5G12010
AT3G21510	AT5G61460		AT4G27750		AT5G12340
AT3G21540	AT5G61520		AT4G27800		AT5G12890
AT3G21580	AT5G61800		AT4G27880		AT5G13080
AT3G21820	AT5G61940		AT4G28040		AT5G13160
AT3G22060	AT5G61950		AT4G28160		AT5G13190
AT3G22220	AT5G62210		AT4G28485		AT5G13200
AT3G22230	AT5G62310		AT4G28760		AT5G13220
AT3G22240	AT5G62530		AT4G28770		AT5G13310
AT3G22300	AT5G62730		AT4G28780		AT5G13740
AT3G22310	AT5G62740		AT4G28860		AT5G13750
AT3G22330	AT5G62840		AT4G28880		AT5G13760
AT3G22480	AT5G62990		AT4G29110		AT5G13820
AT3G22570	AT5G63400		AT4G29190		AT5G14310
AT3G22590	AT5G63530		AT4G29230		AT5G14700
AT3G22630	AT5G63580		AT4G29240		AT5G14710
AT3G22660	AT5G63600		AT4G29260		AT5G14930
AT3G22670	AT5G63630		AT4G29380		AT5G15190
AT3G22680	AT5G63840		AT4G29890		AT5G15240
AT3G22800	AT5G63950		AT4G29905		AT5G15250
AT3G22845	AT5G64580		AT4G30100		AT5G15581
AT3G22850	AT5G64670		AT4G30110		AT5G15650
AT3G23020	AT5G64816		AT4G30180		AT5G15820
AT3G23100	AT5G65320		AT4G30200		AT5G15930
AT3G23325	AT5G65440		AT4G30270		AT5G15960
AT3G23330	AT5G65640		AT4G30290		AT5G15970
AT3G23370	AT5G65650		AT4G30310		AT5G16360
AT3G23410	AT5G65720		AT4G30470		AT5G16650
AT3G23440	AT5G65740		AT4G30670		AT5G16680
AT3G23570	AT5G65750		AT4G30690		AT5G16830
AT3G23620	AT5G66060		AT4G30710		AT5G16910
AT3G23710	AT5G66090		AT4G30790		AT5G17260
AT3G23810	AT5G66510		AT4G30830		AT5G17280
AT3G23930	AT5G66530		AT4G30993		AT5G17350
AT3G23940	AT5G66631		AT4G31073		AT5G17460
AT3G23990	AT5G66680		AT4G31310		AT5G17650
AT3G24080	AT5G66870		AT4G31470		AT5G17850
AT3G24100	AT5G67200		AT4G31630		AT5G18320
AT3G24240	AT5G67490		AT4G31640		AT5G18400
AT3G24320	ATMG01180		AT4G31720		AT5G18470
AT3G24490			AT4G31750		AT5G18490
AT3G24540			AT4G32000		AT5G18636
AT3G24640			AT4G32060		AT5G19025
AT3G24810			AT4G32150		AT5G19070
AT3G24982			AT4G32350		AT5G19100
AT3G25120			AT4G32410		AT5G19110
AT3G25430			AT4G32530		AT5G19220
AT3G25505			AT4G32750		AT5G19230
AT3G25520			AT4G32760		AT5G19240
AT3G25545			AT4G32780		AT5G19380
AT3G25577			AT4G33000		AT5G19480
AT3G25820			AT4G33110		AT5G19855
AT3G25940			AT4G33150		AT5G19875
AT3G26340			AT4G33210		AT5G20150
AT3G26360			AT4G33625		AT5G20190
AT3G26410			AT4G33630		AT5G20230
AT3G26420			AT4G33790		AT5G21090
AT3G26700			AT4G33960		AT5G21990
AT3G26780			AT4G33970		AT5G22060
AT3G26782			AT4G34000		AT5G22140
AT3G26850			AT4G34030		AT5G22220
AT3G26922			AT4G34070		AT5G22250
AT3G27080			AT4G34600		AT5G22510
AT3G27220			AT4G34760		AT5G22520
AT3G27280			AT4G34881		AT5G22530
AT3G27400			AT4G35020		AT5G22540
AT3G27503			AT4G35440		AT5G22550
AT3G27550			AT4G35770		AT5G22690
AT3G27570			AT4G35780		AT5G23810
AT3G27620			AT4G35900		AT5G23850
AT3G27740			AT4G36230		AT5G24110
AT3G27930			AT4G36570		AT5G24400
AT3G28140			AT4G36620		AT5G24420
AT3G28200			AT4G36630		AT5G24430
AT3G28470			AT4G36690		AT5G24590
AT3G28480			AT4G36850		AT5G24600
AT3G28510			AT4G36870		AT5G24810
AT3G28700			AT4G36980		AT5G25170
AT3G28720			AT4G37330		AT5G25440
AT3G28770			AT4G37450		AT5G25450
AT3G28790			AT4G37800		AT5G25930
AT3G28900			AT4G38090		AT5G26030
AT3G29090			AT4G38290		AT5G26190
AT3G29250			AT4G38350		AT5G26770
AT3G29770			AT4G38470		AT5G26920
AT3G29970			AT4G38495		AT5G26990
AT3G42180			AT4G38530		AT5G27420
AT3G42860			AT4G38570		AT5G27520
AT3G43590			AT4G38640		AT5G27690
AT3G43740			AT4G38770		AT5G28237
AT3G43980			AT4G38800		AT5G28630
AT3G44100			AT4G38825		AT5G28830
AT3G44150			AT4G38840		AT5G33390
AT3G44370			AT4G38850		AT5G34930
AT3G44530			AT4G38920		AT5G35110
AT3G44590			AT4G38960		AT5G35570
AT3G44680			AT4G39050		AT5G35735
AT3G44690			AT4G39090		AT5G36220
AT3G44740			AT4G39340		AT5G36290
AT3G44750			AT4G39350		AT5G36920
AT3G44766			AT4G39660		AT5G37050
AT3G45000			AT4G39795		AT5G37070
AT3G45660			AT4G39925		AT5G37340
AT3G45680			AT4G40010		AT5G37670
AT3G45750			AT4G40011		AT5G38240
AT3G45880			AT4G40070		AT5G38280
AT3G46020			AT5G01350		AT5G38700
AT3G46040			AT5G01520		AT5G38710
AT3G46210			AT5G01600		AT5G39670
AT3G46220			AT5G01610		AT5G39720
AT3G46280			AT5G01710		AT5G39810
AT3G46540			AT5G01790		AT5G40000
AT3G46560			AT5G01800		AT5G40155
AT3G46740			AT5G01970		AT5G40460
AT3G46790			AT5G02160		AT5G40540
AT3G46870			AT5G02200		AT5G41080
AT3G46920			AT5G02420		AT5G41100
AT3G46950			AT5G02440		AT5G41120
AT3G47370			AT5G02580		AT5G41315
AT3G47390			AT5G02640		AT5G41550
AT3G47450			AT5G02840		AT5G41590
AT3G47520			AT5G02890		AT5G41740
AT3G47530			AT5G02930		AT5G41750
AT3G47800			AT5G03190		AT5G41790
AT3G47910			AT5G03240		AT5G41810
AT3G48000			AT5G03435		AT5G42010
AT3G48150			AT5G03455		AT5G42220
AT3G48185			AT5G03460		AT5G42350
AT3G48250			AT5G03530		AT5G42380
AT3G48280			AT5G03760		AT5G42570
AT3G48346			AT5G03880		AT5G42650
AT3G48470			AT5G03960		AT5G42930
AT3G48500			AT5G03995		AT5G42940
AT3G48580			AT5G04440		AT5G43380
AT3G48730			AT5G04490		AT5G43620
AT3G48800			AT5G04530		AT5G43650
AT3G48830			AT5G04750		AT5G44050
AT3G48835			AT5G04810		AT5G44070
AT3G48870			AT5G05090		AT5G44290
AT3G48930			AT5G05110		AT5G44350
AT3G49000			AT5G05310		AT5G44870
AT3G49010			AT5G05480		AT5G45030
AT3G49080			AT5G05690		AT5G45090
AT3G49100			AT5G05750		AT5G45110
AT3G49170			AT5G05960		AT5G45350
AT3G49180			AT5G06270		AT5G45370
AT3G49240			AT5G06340		AT5G45520
AT3G49320			AT5G06530		AT5G46295
AT3G49390			AT5G06580		AT5G46470
AT3G49410			AT5G06690		AT5G46910
AT3G49420			AT5G06700		AT5G47070
AT3G49430			AT5G06770		AT5G47230
AT3G49560			AT5G06800		AT5G47730
AT3G49660			AT5G06930		AT5G47740
AT3G49680			AT5G06980		AT5G47830
AT3G49740			AT5G07250		AT5G47960
AT3G49890			AT5G07550		AT5G48400
AT3G49910			AT5G07770		AT5G48530
AT3G49990			AT5G08330		AT5G48570
AT3G50040			AT5G08720		AT5G49520
AT3G50100			AT5G09225		AT5G49620
AT3G50520			AT5G09760		AT5G50430
AT3G50850			AT5G09805		AT5G50440
AT3G51050			AT5G09880		AT5G50450
AT3G51320			AT5G09990		AT5G50530
AT3G51430			AT5G10040		AT5G50570
AT3G51780			AT5G10150		AT5G50670
AT3G51800			AT5G10320		AT5G50780
AT3G52040			AT5G10430		AT5G50900
AT3G52140			AT5G10450		AT5G51050
AT3G52150			AT5G10770		AT5G51070
AT3G52190			AT5G10860		AT5G51260
AT3G52210			AT5G10890		AT5G51620
AT3G52340			AT5G10930		AT5G51630
AT3G52360			AT5G10946		AT5G51740
AT3G52420			AT5G11150		AT5G51850
AT3G52500			AT5G11330		AT5G51980
AT3G52580			AT5G11580		AT5G52020
AT3G52640			AT5G11720		AT5G52050
AT3G52660			AT5G11790		AT5G52120
AT3G52680			AT5G12200		AT5G52210
AT3G52710			AT5G12210		AT5G52320
AT3G52880			AT5G12230		AT5G52400
AT3G52905			AT5G12235		AT5G52410
AT3G53020			AT5G12940		AT5G52570
AT3G53430			AT5G12960		AT5G52580
AT3G53470			AT5G13010		AT5G52640
AT3G53560			AT5G13565		AT5G52660
AT3G53690			AT5G13570		AT5G52670
AT3G53870			AT5G13590		AT5G52750
AT3G53940			AT5G14210		AT5G52760
AT3G54090			AT5G14240		AT5G52870
AT3G54110			AT5G14390		AT5G53050
AT3G54280			AT5G14690		AT5G53230
AT3G54320			AT5G14780		AT5G53290
AT3G54400			AT5G14890		AT5G53590
AT3G54540			AT5G14895		AT5G54095
AT3G54610			AT5G15170		AT5G54165
AT3G54640			AT5G15290		AT5G54170
AT3G54760			AT5G15600		AT5G54300
AT3G54970			AT5G15830		AT5G54390
AT3G54980			AT5G16110		AT5G54470
AT3G55010			AT5G16340		AT5G54490
AT3G55150			AT5G16350		AT5G54710
AT3G55160			AT5G16400		AT5G54720
AT3G55200			AT5G16480		AT5G55090
AT3G55280			AT5G16550		AT5G55120
AT3G55340			AT5G16880		AT5G55180
AT3G55380			AT5G17290		AT5G55640
AT3G55450			AT5G17400		AT5G55860
AT3G55510			AT5G17450		AT5G56160
AT3G55605			AT5G18000		AT5G56200
AT3G55750			AT5G18010		AT5G56450
AT3G56070			AT5G18020		AT5G56960
AT3G56120			AT5G18030		AT5G56980
AT3G56150			AT5G18050		AT5G57015
AT3G56330			AT5G18060		AT5G57123
AT3G56340			AT5G18080		AT5G57190
AT3G56510			AT5G18090		AT5G57380
AT3G56570			AT5G18100		AT5G57390
AT3G56980			AT5G18110		AT5G57480
AT3G56990			AT5G18140		AT5G57510
AT3G57000			AT5G18210		AT5G57540
AT3G57140			AT5G18350		AT5G57560
AT3G57150			AT5G18525		AT5G57910
AT3G57360			AT5G18560		AT5G58020
AT3G57380			AT5G18630		AT5G58120
AT3G57490			AT5G18640		AT5G58320
AT3G57560			AT5G18650		AT5G58380
AT3G57610			AT5G18670		AT5G58430
AT3G57660			AT5G18930		AT5G58670
AT3G57780			AT5G19010		AT5G58680
AT3G57870			AT5G19040		AT5G58690
AT3G57940			AT5G19140		AT5G58730
AT3G58180			AT5G19150		AT5G58770
AT3G58220			AT5G19360		AT5G59050
AT3G58520			AT5G19530		AT5G59190
AT3G58560			AT5G19860		AT5G59220
AT3G58570			AT5G20250		AT5G59420
AT3G58590			AT5G20280		AT5G59450
AT3G58660			AT5G20350		AT5G59480
AT3G58690			AT5G20380		AT5G59490
AT3G58700			AT5G20510		AT5G59510
AT3G58840			AT5G20520		AT5G59550
AT3G58930			AT5G20560		AT5G59580
AT3G59200			AT5G20620		AT5G59730
AT3G59670			AT5G20710		AT5G59820
AT3G59820			AT5G21020		AT5G60270
AT3G59840			AT5G21100		AT5G60280
AT3G59970			AT5G21170		AT5G60800
AT3G60000			AT5G21950		AT5G60820
AT3G60020			AT5G22000		AT5G61210
AT3G60050			AT5G22030		AT5G61560
AT3G60360			AT5G22080		AT5G61780
AT3G60440			AT5G22150		AT5G61900
AT3G60500			AT5G22460		AT5G61910
AT3G60540			AT5G22700		AT5G61920
AT3G60620			AT5G22830		AT5G62020
AT3G60770			AT5G22860		AT5G62330
AT3G60830			AT5G22920		AT5G62360
AT3G60880			AT5G23040		AT5G62430
AT3G60960			AT5G23110		AT5G62460
AT3G61100			AT5G23210		AT5G62520
AT3G61110			AT5G23220		AT5G62560
AT3G61140			AT5G23380		AT5G62570
AT3G61240			AT5G23430		AT5G62620
AT3G61320			AT5G23450		AT5G62865
AT3G61360			AT5G23460		AT5G63050
AT3G61410			AT5G23660		AT5G63130
AT3G61490			AT5G23670		AT5G63270
AT3G61520			AT5G24170		AT5G63380
AT3G61620			AT5G24490		AT5G63450
AT3G61770			AT5G24500		AT5G63490
AT3G61820			AT5G24520		AT5G63770
AT3G62250			AT5G24670		AT5G63790
AT3G62280			AT5G24820		AT5G63850
AT3G62310			AT5G25130		AT5G64170
AT3G62450			AT5G25140		AT5G64210
AT3G62460			AT5G25240		AT5G64250
AT3G62470			AT5G25265		AT5G64300
AT3G62530			AT5G25460		AT5G64310
AT3G62580			AT5G25520		AT5G64530
AT3G62600			AT5G25560		AT5G64660
AT3G62620			AT5G25570		AT5G64750
AT3G62800			AT5G25630		AT5G64810
AT3G62870			AT5G25810		AT5G65290
AT3G62940			AT5G25950		AT5G65300
AT3G63030			AT5G25990		AT5G65600
AT3G63090			AT5G26230		AT5G65690
AT3G63150			AT5G26730		AT5G65840
AT3G63400			AT5G26740		AT5G65890
AT3G63460			AT5G26980		AT5G66070
AT3G66652			AT5G27360		AT5G66210
AT4G00026			AT5G27450		AT5G66620
AT4G00090			AT5G27730		AT5G66640
AT4G00170			AT5G27860		AT5G66675
AT4G00238			AT5G27950		AT5G66850
AT4G00250			AT5G28020		AT5G66900
AT4G00290			AT5G28310		AT5G67050
AT4G00620			AT5G28320		AT5G67080
AT4G00690			AT5G28340		AT5G67160
AT4G00930			AT5G28380		AT5G67180
AT4G00980			AT5G28390		AT5G67210
AT4G01037			AT5G28400		AT5G67245
AT4G01130			AT5G28770		AT5G67250
AT4G01370			AT5G32440		AT5G67290
AT4G01560			AT5G34850		AT5G67300
AT4G01590			AT5G35170		AT5G67350
AT4G01760			AT5G35210		AT5G67410
AT4G01790			AT5G35330		ATCG00020
AT4G01810			AT5G35927		ATCG00270
AT4G01860			AT5G36680		ATCG00280
AT4G01925			AT5G36940		ATCG00340
AT4G01930			AT5G37474		ATCG00350
AT4G01990			AT5G37790		ATCG00480
AT4G02030			AT5G37940		ATCG00490
AT4G02040			AT5G37950		ATCG00500
AT4G02220			AT5G38140		ATCG00540
AT4G02400			AT5G38270		ATCG00630
AT4G02460			AT5G38410		ATCG00680
AT4G02520			AT5G38743		ATCG00710
AT4G02720			AT5G38747		ATCG01010
AT4G02790			AT5G38910		ATCG01090
AT4G02820			AT5G38970		ATCG01130
AT4G02930			AT5G38980		ATMG00090
AT4G02990			AT5G39240		ATMG00120
AT4G03080			AT5G39410		ATMG00180
AT4G03090			AT5G39520		ATMG00370
AT4G03120			AT5G39530		ATMG00510
AT4G03180			AT5G39660		ATMG00540
AT4G03460			AT5G39860		ATMG00580
AT4G03940			AT5G40190		ATMG00960
AT4G04180			AT5G40470		ATMG01080
AT4G04210			AT5G40630		ATMG01170
AT4G04490			AT5G40910		ATMG01360
AT4G04670			AT5G41110		
AT4G04790			AT5G41260		
AT4G04940			AT5G41340		
AT4G05091			AT5G41460		
AT4G05160			AT5G41700		
AT4G05390			AT5G42000		
AT4G05400			AT5G42310		
AT4G05410			AT5G42470		
AT4G05440			AT5G42560		
AT4G05450			AT5G42690		
AT4G06599			AT5G42720		
AT4G06744			AT5G42825		
AT4G08390			AT5G42850		
AT4G08580			AT5G42870		
AT4G08690			AT5G43700		
AT4G08790			AT5G43730		
AT4G08960			AT5G43740		
AT4G09012			AT5G43780		
AT4G09140			AT5G43830		
AT4G09310			AT5G43850		
AT4G09510			AT5G43880		
AT4G09520			AT5G43930		
AT4G09730			AT5G44005		
AT4G09980			AT5G44120		
AT4G10000			AT5G44440		
AT4G10320			AT5G44680		
AT4G10450			AT5G44750		
AT4G10480			AT5G44920		
AT4G10550			AT5G44973		
AT4G10600			AT5G45650		
AT4G10620			AT5G45670		
AT4G10720			AT5G45680		
AT4G10750			AT5G45940		
AT4G10760			AT5G45950		
AT4G11060			AT5G45960		
AT4G11120			AT5G46110		
AT4G11160			AT5G46250		
AT4G11175			AT5G46360		
AT4G11440			AT5G46440		
AT4G11480			AT5G46960		
AT4G11630			AT5G47040		
AT4G11790			AT5G47370		
AT4G11990			AT5G47390		
AT4G12240			AT5G47430		
AT4G12290			AT5G47435		
AT4G12480			AT5G47610		
AT4G12500			AT5G47640		
AT4G12545			AT5G47720		
AT4G12600			AT5G47900		
AT4G12610			AT5G48110		
AT4G12750			AT5G48510		
AT4G13070			AT5G48545		
AT4G13220			AT5G48780		
AT4G13430			AT5G48900		
AT4G13460			AT5G49360		
AT4G13577			AT5G49440		
AT4G13590			AT5G49645		
AT4G13650			AT5G49650		
AT4G13750			AT5G49710		
AT4G13850			AT5G49720		
AT4G13930			AT5G49840		
AT4G13940			AT5G49870		
AT4G14000			AT5G50090		
AT4G14050			AT5G50150		
AT4G14226			AT5G50240		
AT4G14290			AT5G50335		
AT4G14350			AT5G51150		
AT4G14590			AT5G51410		
AT4G14820			AT5G51970		
AT4G14850			AT5G52170		
AT4G14910			AT5G52250		
AT4G14950			AT5G52370		
AT4G15417			AT5G52440		
AT4G15640			AT5G52900		
AT4G15660			AT5G53150		
AT4G15730			AT5G53190		
AT4G15770			AT5G53250		
AT4G15810			AT5G53300		
AT4G15820			AT5G53370		
AT4G15850			AT5G53490		
AT4G15890			AT5G53600		
AT4G16141			AT5G53710		
AT4G16210			AT5G53810		
AT4G16260			AT5G54080		
AT4G16350			AT5G54200		
AT4G16380			AT5G54540		
AT4G16390			AT5G54585		
AT4G16510			AT5G54680		
AT4G16630			AT5G54980		
AT4G16700			AT5G55135		
AT4G16720			AT5G55290		
AT4G17070			AT5G55370		
AT4G17390			AT5G55410		
AT4G17420			AT5G55960		
AT4G17430			AT5G56080		
AT4G17540			AT5G56140		
AT4G17660			AT5G56300		
AT4G17830			AT5G56550		
AT4G17950			AT5G56750		
AT4G17960			AT5G56870		
AT4G18040			AT5G57110		
AT4G18210			AT5G57140		
AT4G18290			AT5G57150		
AT4G18360			AT5G57240		
AT4G18372			AT5G57350		
AT4G18450			AT5G57360		
AT4G18460			AT5G57655		
AT4G18470			AT5G57685		
AT4G18580			AT5G57770		
AT4G18590			AT5G57780		
AT4G18593			AT5G57785		
AT4G18820			AT5G57810		
AT4G18905			AT5G57815		
AT4G18910			AT5G58000		
AT4G18990			AT5G58200		
AT4G19006			AT5G58340		
AT4G19090			AT5G58560		
AT4G19191			AT5G58740		
AT4G19210			AT5G58950		
AT4G19550			AT5G59090		
AT4G19610			AT5G59230		
AT4G19690			AT5G59370		
AT4G19700			AT5G59780		
AT4G19710			AT5G60360		
AT4G19810			AT5G60620		
AT4G20010			AT5G60680		
AT4G20020			AT5G60850		
AT4G20090			AT5G61060		
AT4G20440			AT5G61090		
AT4G20480			AT5G61200		
AT4G20740			AT5G61250		
AT4G20980			AT5G61410		
AT4G21065			AT5G61570		
AT4G21100			AT5G62100		
AT4G21140			AT5G62140		
AT4G21170			AT5G62670		
AT4G21300			AT5G63030		
AT4G21520			AT5G63200		
AT4G21705			AT5G63610		
AT4G21720			AT5G63620		
AT4G21800			AT5G63660		
AT4G21880			AT5G63720		
AT4G21900			AT5G63800		
AT4G22285			AT5G64040		
AT4G22350			AT5G64070		
AT4G22380			AT5G64180		
AT4G22467			AT5G64280		
AT4G22470			AT5G64360		
AT4G22720			AT5G64390		
AT4G23430			AT5G64500		
AT4G23540			AT5G64570		
AT4G23560			AT5G64690		
AT4G23620			AT5G64740		
AT4G23680			AT5G64840		
AT4G23690			AT5G64920		
AT4G23700			AT5G65060		
AT4G23882			AT5G65380		
AT4G23930			AT5G65390		
AT4G23950			AT5G65430		
AT4G24040			AT5G65480		
AT4G24190			AT5G65613		
AT4G24210			AT5G65683		
AT4G24240			AT5G65925		
AT4G24270			AT5G66030		
AT4G24470			AT5G66040		
AT4G24940			AT5G66050		
AT4G25315			AT5G66052		
AT4G25320			AT5G66055		
AT4G25340			AT5G66180		
AT4G25530			AT5G66260		
AT4G25550			AT5G66490		
AT4G25560			AT5G66580		
AT4G25630			AT5G66590		
AT4G25730			AT5G66800		
AT4G25900			AT5G66880		
AT4G25950			AT5G67020		
AT4G25980			AT5G67190		
AT4G26000			AT5G67260		
AT4G26110			AT5G67380		
AT4G26190			AT5G67385		
AT4G26200			AT5G67390		
AT4G26210			AT5G67560		
AT4G26230			ATCG00870		
AT4G26310					
AT4G26410					
AT4G26430					
AT4G26550					
AT4G26600					
AT4G26780					
AT4G26800					
AT4G26870					
AT4G26910					
AT4G26970					
AT4G27010					
AT4G27080					
AT4G27340					
AT4G27380					
AT4G27490					
AT4G27580					
AT4G27585					
AT4G27730					
AT4G28010					
AT4G28100					
AT4G28170					
AT4G28200					
AT4G28210					
AT4G28280					
AT4G28450					
AT4G28530					
AT4G28540					
AT4G28820					
AT4G28990					
AT4G29040					
AT4G29130					
AT4G29390					
AT4G29410					
AT4G29430					
AT4G29510					
AT4G29540					
AT4G29560					
AT4G29660					
AT4G30150					
AT4G30190					
AT4G30250					
AT4G30680					
AT4G30800					
AT4G30840					
AT4G30870					
AT4G30930					
AT4G30980					
AT4G30990					
AT4G31160					
AT4G31200					
AT4G31210					
AT4G31500					
AT4G31520					
AT4G31700					
AT4G31790					
AT4G31880					
AT4G31930					
AT4G31960					
AT4G31985					
AT4G32050					
AT4G32130					
AT4G32175					
AT4G32240					
AT4G32420					
AT4G32430					
AT4G32520					
AT4G32605					
AT4G32620					
AT4G32720					
AT4G32860					
AT4G32900					
AT4G32915					
AT4G33350					
AT4G33450					
AT4G33495					
AT4G33650					
AT4G33680					
AT4G33760					
AT4G33990					
AT4G34050					
AT4G34200					
AT4G34360					
AT4G34555					
AT4G34570					
AT4G34740					
AT4G34860					
AT4G34910					
AT4G34950					
AT4G35000					
AT4G35260					
AT4G35725					
AT4G35740					
AT4G35890					
AT4G35910					
AT4G35930					
AT4G36090					
AT4G36130					
AT4G36220					
AT4G36420					
AT4G36430					
AT4G36580					
AT4G36760					
AT4G36930					
AT4G37090					
AT4G37130					
AT4G37190					
AT4G37210					
AT4G37310					
AT4G37340					
AT4G37410					
AT4G37580					
AT4G37910					
AT4G38010					
AT4G38020					
AT4G38050					
AT4G38100					
AT4G38150					
AT4G38180					
AT4G38310					
AT4G38380					
AT4G38480					
AT4G38670					
AT4G38710					
AT4G38780					
AT4G38890					
AT4G38910					
AT4G39060					
AT4G39070					
AT4G39300					
AT4G39390					
AT4G39470					
AT4G39520					
AT4G39530					
AT4G39540					
AT4G39690					
AT4G39740					
AT4G39880					
AT4G39960					
AT4G40000					
AT5G01270					
AT5G01290					
AT5G01310					
AT5G01400					
AT5G01445					
AT5G01500					
AT5G01810					
AT5G02050					
AT5G02190					
AT5G02450					
AT5G02470					
AT5G02530					
AT5G02610					
AT5G02870					
AT5G03010					
AT5G03070					
AT5G03290					
AT5G03300					
AT5G03370					
AT5G03415					
AT5G03680					
AT5G03740					
AT5G03850					
AT5G04070					
AT5G04130					
AT5G04280					
AT5G04310					
AT5G04320					
AT5G04590					
AT5G04600					
AT5G04740					
AT5G04800					
AT5G04885					
AT5G04895					
AT5G05210					
AT5G05340					
AT5G05370					
AT5G05470					
AT5G05520					
AT5G05670					
AT5G05780					
AT5G05860					
AT5G05920					
AT5G05990					
AT5G06000					
AT5G06110					
AT5G06160					
AT5G06350					
AT5G06360					
AT5G06410					
AT5G06430					
AT5G06460					
AT5G06550					
AT5G06810					
AT5G07090					
AT5G07390					
AT5G07670					
AT5G07680					
AT5G08170					
AT5G08180					
AT5G08270					
AT5G08300					
AT5G08310					
AT5G08360					
AT5G08380					
AT5G08400					
AT5G08415					
AT5G08420					
AT5G08600					
AT5G08610					
AT5G08620					
AT5G09300					
AT5G09380					
AT5G09420					
AT5G09510					
AT5G09580					
AT5G09650					
AT5G09730					
AT5G09840					
AT5G09920					
AT5G10010					
AT5G10070					
AT5G10230					
AT5G10360					
AT5G10910					
AT5G10920					
AT5G10950					
AT5G10980					
AT5G11010					
AT5G11060					
AT5G11170					
AT5G11200					
AT5G11240					
AT5G11310					
AT5G11340					
AT5G11630					
AT5G11750					
AT5G11760					
AT5G11900					
AT5G12080					
AT5G12190					
AT5G12220					
AT5G12410					
AT5G12420					
AT5G12860					
AT5G12980					
AT5G13020					
AT5G13120					
AT5G13270					
AT5G13280					
AT5G13330					
AT5G13360					
AT5G13420					
AT5G13490					
AT5G13610					
AT5G13680					
AT5G13830					
AT5G13890					
AT5G14030					
AT5G14040					
AT5G14050					
AT5G14250					
AT5G14520					
AT5G14580					
AT5G14600					
AT5G14660					
AT5G14770					
AT5G14820					
AT5G15010					
AT5G15025					
AT5G15130					
AT5G15200					
AT5G15220					
AT5G15520					
AT5G15550					
AT5G15700					
AT5G15750					
AT5G15810					
AT5G15853					
AT5G15980					
AT5G16300					
AT5G16453					
AT5G16510					
AT5G16750					
AT5G16930					
AT5G16950					
AT5G17010					
AT5G17020					
AT5G17220					
AT5G17240					
AT5G17250					
AT5G17270					
AT5G17470					
AT5G17480					
AT5G17500					
AT5G17510					
AT5G17522					
AT5G17523					
AT5G17560					
AT5G17640					
AT5G17720					
AT5G17770					
AT5G17790					
AT5G17847					
AT5G17920					
AT5G17930					
AT5G17970					
AT5G18180					
AT5G18250					
AT5G18380					
AT5G18420					
AT5G18440					
AT5G18510					
AT5G18720					
AT5G18750					
AT5G18810					
AT5G18820					
AT5G18920					
AT5G18950					
AT5G19300					
AT5G19320					
AT5G19485					
AT5G19550					
AT5G19600					
AT5G19650					
AT5G19680					
AT5G19750					
AT5G19820					
AT5G19880					
AT5G19920					
AT5G20020					
AT5G20040					
AT5G20160					
AT5G20180					
AT5G20200					
AT5G20480					
AT5G20590					
AT5G20600					
AT5G20920					
AT5G20930					
AT5G20940					
AT5G20950					
AT5G21160					
AT5G22100					
AT5G22170					
AT5G22320					
AT5G22330					
AT5G22440					
AT5G22480					
AT5G22650					
AT5G22790					
AT5G22810					
AT5G22840					
AT5G23000					
AT5G23070					
AT5G23200					
AT5G23240					
AT5G23250					
AT5G23300					
AT5G23395					
AT5G23530					
AT5G23535					
AT5G23540					
AT5G23630					
AT5G23710					
AT5G23820					
AT5G23880					
AT5G23900					
AT5G23930					
AT5G24090					
AT5G24130					
AT5G24160					
AT5G24220					
AT5G24230					
AT5G24280					
AT5G24840					
AT5G24960					
AT5G25080					
AT5G25200					
AT5G25320					
AT5G25480					
AT5G25757					
AT5G25780					
AT5G25820					
AT5G25970					
AT5G26110					
AT5G26160					
AT5G26170					
AT5G26180					
AT5G26220					
AT5G26290					
AT5G26680					
AT5G26780					
AT5G26830					
AT5G26860					
AT5G27090					
AT5G27093					
AT5G27110					
AT5G27120					
AT5G27210					
AT5G27230					
AT5G27395					
AT5G27470					
AT5G27540					
AT5G27620					
AT5G27640					
AT5G27850					
AT5G27990					
AT5G28030					
AT5G28220					
AT5G28460					
AT5G28540					
AT5G28740					
AT5G28920					
AT5G33320					
AT5G35400					
AT5G35430					
AT5G35510					
AT5G35620					
AT5G35680					
AT5G35700					
AT5G35910					
AT5G35930					
AT5G36150					
AT5G36880					
AT5G36890					
AT5G36960					
AT5G37247					
AT5G37350					
AT5G37400					
AT5G37530					
AT5G37570					
AT5G37600					
AT5G37740					
AT5G37820					
AT5G37890					
AT5G38000					
AT5G38020					
AT5G38030					
AT5G38060					
AT5G38100					
AT5G38460					
AT5G38640					
AT5G38660					
AT5G38720					
AT5G38730					
AT5G38840					
AT5G38890					
AT5G38900					
AT5G39080					
AT5G39090					
AT5G39340					
AT5G39680					
AT5G39710					
AT5G39740					
AT5G39760					
AT5G39840					
AT5G39850					
AT5G39900					
AT5G39940					
AT5G39960					
AT5G39990					
AT5G40040					
AT5G40200					
AT5G40370					
AT5G40400					
AT5G40405					
AT5G40410					
AT5G40490					
AT5G40510					
AT5G40530					
AT5G40590					
AT5G40650					
AT5G40770					
AT5G40780					
AT5G40930					
AT5G41010					
AT5G41020					
AT5G41050					
AT5G41190					
AT5G41670					
AT5G41680					
AT5G41770					
AT5G41970					
AT5G42060					
AT5G42130					
AT5G42150					
AT5G42450					
AT5G42480					
AT5G42600					
AT5G43010					
AT5G43060					
AT5G43070					
AT5G43285					
AT5G43330					
AT5G43350					
AT5G43400					
AT5G43510					
AT5G43580					
AT5G43590					
AT5G43640					
AT5G43720					
AT5G43790					
AT5G43960					
AT5G43970					
AT5G43980					
AT5G44150					
AT5G44170					
AT5G44230					
AT5G44280					
AT5G44320					
AT5G44390					
AT5G44400					
AT5G44450					
AT5G44500					
AT5G44572					
AT5G44700					
AT5G44710					
AT5G44720					
AT5G44730					
AT5G44780					
AT5G44785					
AT5G44910					
AT5G44930					
AT5G44980					
AT5G45140					
AT5G45380					
AT5G45420					
AT5G45600					
AT5G45620					
AT5G45775					
AT5G45780					
AT5G46040					
AT5G46050					
AT5G46100					
AT5G46430					
AT5G46550					
AT5G46580					
AT5G46720					
AT5G46740					
AT5G46890					
AT5G46920					
AT5G47210					
AT5G47320					
AT5G47360					
AT5G47455					
AT5G47930					
AT5G47950					
AT5G48030					
AT5G48040					
AT5G48120					
AT5G48130					
AT5G48230					
AT5G48240					
AT5G48470					
AT5G48680					
AT5G48720					
AT5G48760					
AT5G48820					
AT5G48830					
AT5G48930					
AT5G49000					
AT5G49200					
AT5G49210					
AT5G49300					
AT5G49305					
AT5G49560					
AT5G49660					
AT5G49665					
AT5G49820					
AT5G49950					
AT5G50200					
AT5G50310					
AT5G50320					
AT5G50370					
AT5G50410					
AT5G50443					
AT5G50460					
AT5G50630					
AT5G50850					
AT5G50860					
AT5G50870					
AT5G51040					
AT5G51120					
AT5G51220					
AT5G51510					
AT5G51540					
AT5G51590					
AT5G51660					
AT5G51940					
AT5G52380					
AT5G52390					
AT5G52470					
AT5G52520					
AT5G52650					
AT5G52820					
AT5G52980					
AT5G53070					
AT5G53080					
AT5G53110					
AT5G53320					
AT5G53460					
AT5G53540					
AT5G53560					
AT5G53770					
AT5G53800					
AT5G53890					
AT5G53940					
AT5G53990					
AT5G54100					
AT5G54140					
AT5G54160					
AT5G54560					
AT5G54910					
AT5G54920					
AT5G55070					
AT5G55130					
AT5G55140					
AT5G55200					
AT5G55280					
AT5G55350					
AT5G55510					
AT5G55610					
AT5G55840					
AT5G55920					
AT5G56000					
AT5G56090					
AT5G56130					
AT5G56280					
AT5G56350					
AT5G56500					
AT5G56670					
AT5G56680					
AT5G56710					
AT5G56730					
AT5G56890					
AT5G56950					
AT5G57120					
AT5G57180					
AT5G57280					
AT5G57490					
AT5G57570					
AT5G57590					
AT5G57890					
AT5G58005					
AT5G58130					
AT5G58150					
AT5G58160					
AT5G58230					
AT5G58290					
AT5G58350					
AT5G58370					
AT5G58375					
AT5G58420					
AT5G58470					
AT5G58640					
AT5G58760					
AT5G58840					
AT5G58990					
AT5G59210					
AT5G59240					
AT5G59390					
AT5G59560					
AT5G59670					
AT5G59850					
AT5G59950					
AT5G59980					
AT5G60030					
AT5G60040					
AT5G60160					
AT5G60470					
AT5G60590					
AT5G60730					
AT5G60880					
AT5G60960					
AT5G60990					
AT5G61020					
AT5G61030					
AT5G61170					
AT5G61310					
AT5G61330					
AT5G61370					
AT5G61400					
AT5G61490					
AT5G61550					
AT5G61770					
AT5G61790					
AT5G61970					
AT5G62050					
AT5G62260					
AT5G62270					
AT5G62290					
AT5G62300					
AT5G62370					
AT5G62440					
AT5G62600					
AT5G62650					
AT5G62810					
AT5G62980					
AT5G63040					
AT5G63150					
AT5G63220					
AT5G63680					
AT5G63890					
AT5G63930					
AT5G64050					
AT5G64120					
AT5G64140					
AT5G64150					
AT5G64200					
AT5G64320					
AT5G64420					
AT5G64520					
AT5G64610					
AT5G64650					
AT5G64680					
AT5G64830					
AT5G64960					
AT5G65030					
AT5G65080					
AT5G65120					
AT5G65170					
AT5G65180					
AT5G65490					
AT5G65510					
AT5G65620					
AT5G65780					
AT5G65850					
AT5G65860					
AT5G65900					
AT5G66100					
AT5G66140					
AT5G66270					
AT5G66390					
AT5G66540					
AT5G66760					
AT5G66770					
AT5G66820					
AT5G66860					
AT5G66960					
AT5G67110					
AT5G67240					
AT5G67360					
AT5G67430					
AT5G67500					
AT5G67510					
AT5G67530					
AT5G67590					
AT5G67630					
ATCG00160					
ATMG00590					
